player,club,league,season,pid,file,dbLink
Gyrano Kerk,Antwerp,Jupiler Pro League,2025-2026,gyrano-kerk-sur-1995,Gyrano Kerk.mp4,https://www.dropbox.com/scl/fi/m7vvushgk5fvwrnmn54zp/Gyrano-Kerk.mp4?rlkey=bi6jqyxa100ry83ifos3668f6&raw=1
Gyrano Kerk,Antwerp,Jupiler Pro League,2025-2026,gyrano-kerk-sur-1995,Gyrano Kerk.mp4.mov,https://www.dropbox.com/scl/fi/zo259670i93u62u262v58/Gyrano-Kerk.mp4.mov?rlkey=omcvu7noc7l8is99m01u5cv9s&raw=1
Fabio Ferraro,Dender,Jupiler Pro League,2025-2026,fabio-ferraro-bel-2002,Fabio Ferraro Highlights.mp4,https://www.dropbox.com/scl/fi/wre80captaqxcg6mju9n2/Fabio-Ferraro-Highlights.mp4?rlkey=fvqhdmzt5o1x62ipfxis2d8op&raw=1
Fabio Ferraro,Dender,Jupiler Pro League,2025-2026,fabio-ferraro-bel-2002,Fabio Ferraro.mp4,https://www.dropbox.com/scl/fi/amm9p96pvn8vwbigev41y/Fabio-Ferraro.mp4?rlkey=q3rqfdkwa2u5btuevs7o1kt3m&raw=1
Warleson,Cercle Brugge,Jupiler Pro League,2025-2026,warleson-bra-1996,Warleson.mp4,https://www.dropbox.com/scl/fi/295cho6o1mj0cz2lxi8rx/Warleson.mp4?rlkey=q0ky513oob35icem4wm2209vp&raw=1
Adriano Bertaccini,Anderlecht,Jupiler Pro League,2025-2026,adriano-bertaccini-bel-2000,Adriano Bertaccini.mp4,https://www.dropbox.com/scl/fi/vxw0z9pp0o5sz6wu34387/Adriano-Bertaccini.mp4?rlkey=vzw36o5ngmvexzwhgiwlz0dmg&raw=1
Michael Verrips,Dender,Jupiler Pro League,2025-2026,michael-verrips-ned-1996,Michael Verrips 2020.mp4,https://www.dropbox.com/scl/fi/ax9t3zkm04bvuxgl94eh2/Michael-Verrips-2020.mp4?rlkey=nyjoagsmzoicuaki78lf4o9i0&raw=1
Maxime Delanghe,Cercle Brugge,Jupiler Pro League,2025-2026,maxime-delanghe-bel-2001,Maxime Delanghe 2025.mp4,https://www.dropbox.com/scl/fi/kkgcds79t0hf8f65psd6s/Maxime-Delanghe-2025.mp4?rlkey=30u3k86i3fpgik4c0s5k002uy&raw=1
Maxime Delanghe,Cercle Brugge,Jupiler Pro League,2025-2026,maxime-delanghe-bel-2001,Maxime Delanghe.mp4,https://www.dropbox.com/scl/fi/a4o21ni6qu8sydpm6fhiv/Maxime-Delanghe.mp4?rlkey=e1x205nnxgschgd19claxl7yl&raw=1
Aaron Bibout,Genk,Jupiler Pro League,2025-2026,aaron-bibout-cmr-2004,Aaron Bibout.mp4,https://www.dropbox.com/scl/fi/qaz10nnq4l7uwzps3ysor/Aaron-Bibout.mp4?rlkey=dvkk8edzwwzzw7uewtn3x9wjm&raw=1
Joël Ito,La Louvière,Jupiler Pro League,2025-2026,joel-ito-bel-1998,Joël Ito.mp4,https://www.dropbox.com/scl/fi/xwqn8m0zo0irgohjjx39m/Jo-l-Ito.mp4?rlkey=ojnt94cxm324s6vj79h4ai9k2&raw=1
Joël Ito,La Louvière,Jupiler Pro League,2025-2026,joel-ito-bel-1998,Joel Ito II.mp4,https://www.dropbox.com/scl/fi/jadq744g8yq4o1kngwvz3/Joel-Ito-II.mp4?rlkey=g4egli25auayovw2dl36w076y&raw=1
Joël Ito,La Louvière,Jupiler Pro League,2025-2026,joel-ito-bel-1998,Joël Ito II.mp4,https://www.dropbox.com/scl/fi/xvxs0ffw7l1fomtq69ge6/Jo-l-Ito-II.mp4?rlkey=e07c57ibyx8gu2ka8we5uqdzs&raw=1
Maxence Maisonneuve,La Louvière,Jupiler Pro League,2025-2026,maxence-maisonneuve-fra-1998,Maxence Maisonneuve.mp4,https://www.dropbox.com/scl/fi/sehmd5bh9ytk3gc2p0pni/Maxence-Maisonneuve.mp4?rlkey=vfgzty4k75cjdkpfiwwzp9oty&raw=1
Jérémy Pétris,Charleroi,Jupiler Pro League,2025-2026,jeremy-petris-fra-1997,Jeremy Petris II.mp4,https://www.dropbox.com/scl/fi/z9na97kvchfpei8sabn8y/Jeremy-Petris-II.mp4?rlkey=c6c4msuc8ngbpqz0tkkcnzov9&raw=1
Jérémy Pétris,Charleroi,Jupiler Pro League,2025-2026,jeremy-petris-fra-1997,Jeremy Petris.mp4,https://www.dropbox.com/scl/fi/uprv2mzo5sh0nc6ylc8f3/Jeremy-Petris.mp4?rlkey=d2wppdu2x4kpdks0c53igyjyy&raw=1
Yllan Okou,La Louvière,Jupiler Pro League,2025-2026,yllan-okou-fra-2002,Yllan Okou.mp4,https://www.dropbox.com/scl/fi/yswtghg9j6pbh11quhi66/Yllan-Okou.mp4?rlkey=eo36ak10pxu7dl46yyfts5z1b&raw=1
Enric Llansana,Anderlecht,Jupiler Pro League,2025-2026,enric-llansana-ned-2001,Enric Llansana.mp4,https://www.dropbox.com/scl/fi/t7d8luq954zp5qq60m6jq/Enric-Llansana.mp4?rlkey=dvh9gs4xuqnjjyxcqs1sr7mvl&raw=1
Joey Veerman,PSV,Eredivisie,2025-2026,joey-veerman-ned-1998,Joey Veerman.mp4,https://www.dropbox.com/scl/fi/sk5ptc31ofbt8mcgbhki8/Joey-Veerman.mp4?rlkey=bkhyd6nt6058d5nplwd5u83uz&raw=1
Jeff Hardeveld,Telstar,Eredivisie,2025-2026,jeff-hardeveld-ned-1995,Jeff Hardeveld.mp4,https://www.dropbox.com/scl/fi/coy55cxn4fl8h7otazagk/Jeff-Hardeveld.mp4?rlkey=n4bnwipiw90ecnnpmjrjr3mao&raw=1
Bart van Rooij,Twente,Eredivisie,2025-2026,bart-van-rooij-ned-2001,Bart van Rooij II.mp4,https://www.dropbox.com/scl/fi/6g325u9ypj7oyw1ud1lfk/Bart-van-Rooij-II.mp4?rlkey=svvuwh7hvewwubavnvaqs1zbq&raw=1
Bart van Rooij,Twente,Eredivisie,2025-2026,bart-van-rooij-ned-2001,Bart van Rooij.mp4,https://www.dropbox.com/scl/fi/wnn8zkx6a7jgx6da4dkff/Bart-van-Rooij.mp4?rlkey=8hcuczgnt0rx4gqrcqz53c7s5&raw=1
Danny Bakker,Telstar,Eredivisie,2025-2026,danny-bakker-ned-1994,Danny Bakker.mp4,https://www.dropbox.com/scl/fi/i3mc9s4ibo0sj28prnk7h/Danny-Bakker.mp4?rlkey=yf3s4jwx2b6rtu3go7559qtmg&raw=1
Danny Bakker,Telstar,Eredivisie,2025-2026,danny-bakker-ned-1994,Danny Bakker.mp4,https://www.dropbox.com/scl/fi/t0hd9dgzyyveai9g6c2ab/Danny-Bakker.mp4?rlkey=pqwyieihrkkt9fdpyfbom03p9&raw=1
Ilias Bronkhorst,Excelsior,Eredivisie,2025-2026,ilias-bronkhorst-ned-1997,Ilias Bronkhorst.mp4,https://www.dropbox.com/scl/fi/ouzoqiiepj0nlctpg8tem/Ilias-Bronkhorst.mp4?rlkey=6rpl0mz1ynj1gwvxm8ouf1dvp&raw=1
Maas Willemsen,Heerenveen,Eredivisie,2025-2026,maas-willemsen-ned-2003,Maas Willemsen (update).mp4,https://www.dropbox.com/scl/fi/nc52uj3nro5y1e69a3o01/Maas-Willemsen-update.mp4?rlkey=v63lythkiww2cceswqi8jmc36&raw=1
Maas Willemsen,Heerenveen,Eredivisie,2025-2026,maas-willemsen-ned-2003,Maas Willemsen.mp4,https://www.dropbox.com/scl/fi/3sjdkps8wf7s2wkorcjss/Maas-Willemsen.mp4?rlkey=9uq6nri7638begfew864clykh&raw=1
Maas Willemsen,Heerenveen,Eredivisie,2025-2026,maas-willemsen-ned-2003,Maas Willemsen (ESN TV's conflicted copy 2024-05-14).mp4,https://www.dropbox.com/scl/fi/w25vsbt1gx3yigjy2ytvw/Maas-Willemsen-ESN-TV-s-conflicted-copy-2024-05-14.mp4?rlkey=iuf983q852m6c07jcwa53tk8a&raw=1
Evert Linthorst,Go Ahead Eagles,Eredivisie,2025-2026,evert-linthorst-ned-2000,Evert Linthorst.mp4,https://www.dropbox.com/scl/fi/0gkvb4jp0be8xm8m0zvoh/Evert-Linthorst.mp4?rlkey=log9kdvj369va5clqw24qxdvg&raw=1
Neraysho Kasanwirjo,Fortuna Sittard,Eredivisie,2025-2026,neraysho-kasanwirjo-ned-2001,Neraysho Kasanwirjo.mp4,https://www.dropbox.com/scl/fi/2x3nc06htc282qindqmyz/Neraysho-Kasanwirjo.mp4?rlkey=npgowopra9o57xiwqrsjfepj0&raw=1
Sam Kersten,Heerenveen,Eredivisie,2025-2026,sam-kersten-ned-1997,Sam Kersten II.mp4,https://www.dropbox.com/scl/fi/7hbcq4zdtj4cnp0lsiiah/Sam-Kersten-II.mp4?rlkey=gurw7ydtm4jfv2g3hphi9up3g&raw=1
Bas Kuipers,Twente,Eredivisie,2025-2026,bas-kuipers-ned-1994,Bas Kuipers 2025.mp4,https://www.dropbox.com/scl/fi/iqx6nuexa0gzprbuqdqf4/Bas-Kuipers-2025.mp4?rlkey=je6qt96vngcyumeo04oumg6z9&raw=1
Bas Kuipers,Twente,Eredivisie,2025-2026,bas-kuipers-ned-1994,Bas Kuipers 2023.mp4,https://www.dropbox.com/scl/fi/lt4xn3tvuyq0d75eeambx/Bas-Kuipers-2023.mp4?rlkey=k9dqa1s2a7tjt2eshisajqawz&raw=1
Bas Kuipers,Twente,Eredivisie,2025-2026,bas-kuipers-ned-1994,Bas Kuipers.mp4,https://www.dropbox.com/scl/fi/63a68n1dk1pqlelkb5ycu/Bas-Kuipers.mp4?rlkey=1rmlcskwfn6qh6pls5zttwm1k&raw=1
Djevencio van der Kust,Heracles Almelo,Eredivisie,2025-2026,djevencio-van-der-kust-sur-2001,Djevencio van der kust.mp4,https://www.dropbox.com/scl/fi/7pa86jj45cteac3occfqc/Djevencio-van-der-kust.mp4?rlkey=qlfqj4jo8z5qjwvk7adn4htob&raw=1
Cedric Hatenboer,Telstar,Eredivisie,2025-2026,cedric-hatenboer-ned-2005,Cedric Hatenboer II.mp4,https://www.dropbox.com/scl/fi/ki1ei44vki6uk149ffgii/Cedric-Hatenboer-II.mp4?rlkey=bwi34soo5p57s58tn5xl97k7c&raw=1
Emil Hansson,Excelsior,Eredivisie,2025-2026,emil-hansson-swe-1998,Emil Hansson.mp4,https://www.dropbox.com/scl/fi/abksp0telav6itz7itqn0/Emil-Hansson.mp4?rlkey=quyb3x4m4xwepxdrtr8e8ow2h&raw=1
Dylan Mertens,Telstar,Eredivisie,2025-2026,dylan-mertens-ned-1995,Dylan Mertens (1).mp4,https://www.dropbox.com/scl/fi/sbqxkxvzy6gubn0zujd6r/Dylan-Mertens-1.mp4?rlkey=b5kpkhzsra1k13n2sl1sjit1e&raw=1
Saïd Bakari,Sparta Rotterdam,Eredivisie,2025-2026,said-bakari-com-1994,Said Bakari II.mp4,https://www.dropbox.com/scl/fi/ysex8nkjfjqtw5u12tgvw/Said-Bakari-II.mp4?rlkey=u22ad9z4a7jnhjig7nw4g7yun&raw=1
Saïd Bakari,Sparta Rotterdam,Eredivisie,2025-2026,said-bakari-com-1994,Saïd Bakari.mp4,https://www.dropbox.com/scl/fi/k2b1qkgalswf1tvwnnx2n/Sa-d-Bakari.mp4?rlkey=ljzvg2f2p3ueyu88pacr9n9sy&raw=1
Finn Stokkers,Go Ahead Eagles,Eredivisie,2025-2026,finn-stokkers-ned-1996,Finn Stokkers.mp4,https://www.dropbox.com/scl/fi/1m3w895f3znhtvtkjp2nv/Finn-Stokkers.mp4?rlkey=e0j47ocat4aalsrpfw85xjxx5&raw=1
Oskar Zawada,Groningen,Eredivisie,2025-2026,oskar-zawada-pol-1995,Oskar Zawada.mp4,https://www.dropbox.com/scl/fi/nndb0hoe8pfsfzzn30xqt/Oskar-Zawada.mp4?rlkey=r3jywt2o25rf2cpu5tjjcakqr&raw=1
Etienne Vaessen,Groningen,Eredivisie,2025-2026,etienne-vaessen-sur-1995,Etienne Vaessen.mp4,https://www.dropbox.com/scl/fi/y9bzrog7dhtmotsig0u7r/Etienne-Vaessen.mp4?rlkey=e6m0qidrelibnxqahiy4l17iz&raw=1
Eliano Reijnders,Zwolle,Eredivisie,2025-2026,eliano-reijnders-idn-2000,Eliano Reijnders.mp4,https://www.dropbox.com/scl/fi/xfvdqyigne8edsc4yn5f0/Eliano-Reijnders.mp4?rlkey=mfv2i410w0gyra0uzsao4btxo&raw=1
Eliano Reijnders,Zwolle,Eredivisie,2025-2026,eliano-reijnders-idn-2000,Eliano Reijnders III.mp4,https://www.dropbox.com/scl/fi/xmpbwba1axn68kx7bznxk/Eliano-Reijnders-III.mp4?rlkey=cmnax0s50uli5cn1yopn52be3&raw=1
Eliano Reijnders,Zwolle,Eredivisie,2025-2026,eliano-reijnders-idn-2000,Eliano Reijnders II.mp4,https://www.dropbox.com/scl/fi/qumz7ix9dxzjxlamx5uku/Eliano-Reijnders-II.mp4?rlkey=1h5xei9erw1vnb43ua8gth239&raw=1
Joel Drommel,Sparta Rotterdam,Eredivisie,2025-2026,joel-drommel-ned-1996,Joel Drommel.mp4,https://www.dropbox.com/scl/fi/4obhvtl4yj3n307tafo16/Joel-Drommel.mp4?rlkey=pm30uid9qgc9rmlpij041ci26&raw=1
Joel Drommel,Sparta Rotterdam,Eredivisie,2025-2026,joel-drommel-ned-1996,Jöel Drommel II.mp4,https://www.dropbox.com/scl/fi/mf0awkvbgpxfntp8gm2wz/J-el-Drommel-II.mp4?rlkey=apw2kq7j54bzv46siei0qqjld&raw=1
Joel Drommel,Sparta Rotterdam,Eredivisie,2025-2026,joel-drommel-ned-1996,Joël Drommel IV.mp4,https://www.dropbox.com/scl/fi/vcqzwseeh9gwq8wmbi9bw/Jo-l-Drommel-IV.mp4?rlkey=tdjq0imtzho87mno7vvk2vwzc&raw=1
Joel Drommel,Sparta Rotterdam,Eredivisie,2025-2026,joel-drommel-ned-1996,Joel Drommel  Keeper 96'.mp4,https://www.dropbox.com/scl/fi/ykxsnw265z72iez26m2fr/Joel-Drommel-Keeper-96.mp4?rlkey=9pla3fo0u0quau5a7go442pt8&raw=1
Joel Drommel,Sparta Rotterdam,Eredivisie,2025-2026,joel-drommel-ned-1996,Joel Drommel.mp4,https://www.dropbox.com/scl/fi/vu09v1r6o3oscmvf52b8w/Joel-Drommel.mp4?rlkey=v116kke9369lv7e1hpwhb7f4q&raw=1
Joel Drommel,Sparta Rotterdam,Eredivisie,2025-2026,joel-drommel-ned-1996,Joël Drommel.mp4,https://www.dropbox.com/scl/fi/uoqxmfw1kluxb4mmtjhlu/Jo-l-Drommel.mp4?rlkey=7f9e1qq97g0kq7h5ofiyfgftm&raw=1
Dion Malone,Telstar,Eredivisie,2025-2026,dion-malone-sur-1988,Dion Malone.mp4,https://www.dropbox.com/scl/fi/de20t4ehqtnobnzybvxs2/Dion-Malone.mp4?rlkey=xou35yzk5yd8u6ks3t4j0mzab&raw=1
Dion Malone,Telstar,Eredivisie,2025-2026,dion-malone-sur-1988,Dion Malone.mp4,https://www.dropbox.com/scl/fi/h6lpem2ett894bjr6303g/Dion-Malone.mp4?rlkey=8y80ykgo08sz2p2gwq5t408o1&raw=1
Remi van Ekeris,Telstar,Eredivisie,2025-2026,remi-van-ekeris-ned-2002,Remi van Ekeris.mp4,https://www.dropbox.com/scl/fi/4oilh81ngmlj1jf4rjynp/Remi-van-Ekeris.mp4?rlkey=ej2mj6ftkijcn8bfzj1lxt1o7&raw=1
Casper Staring,NAC Breda,Eredivisie,2025-2026,casper-staring-ned-2000,Casper Staring.mp4,https://www.dropbox.com/scl/fi/ottymmuaw8rcw93f75iyq/Casper-Staring.mp4?rlkey=agzfhu198xvbfx01rjtsz8ms6&raw=1
Agon Mucolli,FC Fredericia,Danish Superliga,2025-2026,agon-mucolli-den-1998,Agon Mucolli II.mp4,https://www.dropbox.com/scl/fi/3iv2idm52fc6e2gmolfbg/Agon-Mucolli-II.mp4?rlkey=zyqj6qn6nq2q3ryao6z0ep0tk&raw=1
Markus Solbakken,AGF,Danish Superliga,2025-2026,markus-solbakken-nor-2000,Markus Solbakken.mp4,https://www.dropbox.com/scl/fi/pbpaf2fktjlonvcbc9mcm/Markus-Solbakken.mp4?rlkey=wsvcv6zfj7obyttz3r41qix48&raw=1
Jamar Ricketts,SJ Earthquakes,MLS,2025-2026,jamar-ricketts-usa-2002,Jamar Ricketts.mp4,https://www.dropbox.com/scl/fi/18n8bcsbpxza3n4y0ghhv/Jamar-Ricketts.mp4?rlkey=lix81jtoc5e00l4ikaoc1jhfj&raw=1
Reid Roberts,SJ Earthquakes,MLS,2025-2026,reid-roberts-usa-2004,Reid Roberts.mp4,https://www.dropbox.com/scl/fi/0fxy4a5muy465rslrpmzg/Reid-Roberts.mp4?rlkey=s6ikud99wtftf4hodalm65exy&raw=1
Gerardo Valenzuela,FC Cincinnati,MLS,2025-2026,gerardo-valenzuela-usa-2005,Gerardo Valenzuela.mp4,https://www.dropbox.com/scl/fi/ijxvcmr4dfnvf663x7977/Gerardo-Valenzuela.mp4?rlkey=0jamjud4r3wyd8zz8330ifg6z&raw=1
Christian Cappis,FC Dallas,MLS,2025-2026,christian-cappis-usa-2000,Christian Cappis.mp4.mov,https://www.dropbox.com/scl/fi/zjm3ktjbpl0sh9ndlsv27/Christian-Cappis.mp4.mov?rlkey=hxae06m1b29epkg5xp47m2nw1&raw=1
Aziel Jackson,Columbus Crew,MLS,2025-2026,aziel-jackson-usa-2002,Aziel Jackson.mp4,https://www.dropbox.com/scl/fi/y7qvq8sx39ya3bndm7usx/Aziel-Jackson.mp4?rlkey=p1tca2w2493ihogl0czr5hs3t&raw=1
Earl Edwards Jr.,SJ Earthquakes,MLS,2025-2026,earl-edwards-jr-usa-1992,Earl Edwards.mp4,https://www.dropbox.com/scl/fi/igkpmo92c657an7btozlv/Earl-Edwards.mp4?rlkey=vl67tgeoauoq0r1kro6654113&raw=1
Nick Lima,SJ Earthquakes,MLS,2025-2026,nick-lima-usa-1995,Nick Lima.mp4,https://www.dropbox.com/scl/fi/xtjkwzvpjzttv8p3ri4z9/Nick-Lima.mp4?rlkey=uba4p0uycbtns98r0ay8mrx58&raw=1
Daniel Steres,Houston Dynamo,MLS,2025-2026,daniel-steres-usa-1991,Daniel Steres.mp4,https://www.dropbox.com/scl/fi/1ifc870arcwft1q10d96h/Daniel-Steres.mp4?rlkey=waf2jsfeyd40a001s08nx8kri&raw=1
DeJuan Jones,Columbus Crew,MLS,2025-2026,dejuan-jones-usa-1998,DeJuan Jones.mp4,https://www.dropbox.com/scl/fi/cvwhl7bqd7gewi1mb4bap/DeJuan-Jones.mp4?rlkey=2s94ssergs4s4mh7oakgfybns&raw=1
D.J. Taylor,Minnesota Utd,MLS,2025-2026,d-j-taylor-usa-1998,D.J. Taylor.mp4,https://www.dropbox.com/scl/fi/wqtbo0ezf89ikychrbzud/D.J.-Taylor.mp4?rlkey=eoz5i2myl7bi6ukl4smuszz9b&raw=1
David Vazquez,San Diego FC,MLS,2025-2026,david-vazquez-usa-2007,David Vazquez.mp4,https://www.dropbox.com/scl/fi/6izch89luxqinienczaui/David-Vazquez.mp4?rlkey=nyybcyuabckr03eu5sg9f6exr&raw=1
Stuart Hawkins,Seattle Sounders,MLS,2025-2026,stuart-hawkins-usa-2007,Stuart Hawkins.mp4,https://www.dropbox.com/scl/fi/mi47u2dptc72bxtj08cti/Stuart-Hawkins.mp4?rlkey=zy5qgrbw5v4xtocl5agfkhv4d&raw=1
Neil Pierre,Philadelphia Union,MLS,2025-2026,neil-pierre-usa-2008,Neil Pierre.mp4,https://www.dropbox.com/scl/fi/bm4cvtflrv2697bnnngh5/Neil-Pierre.mp4?rlkey=tntq8jpdri96y54ifiz6wo4ws&raw=1
Shakur Mohammed,Orlando City,MLS,2025-2026,shakur-mohammed-gha-2004,Shakur Mohammed.mp4,https://www.dropbox.com/scl/fi/mz7c4zgxfo598xiue4ex5/Shakur-Mohammed.mp4?rlkey=195bv8a6zkkyebo0uxg6nrhtk&raw=1
Shakur Mohammed,Orlando City,MLS,2025-2026,shakur-mohammed-gha-2004,Shakur Mohammed II.mp4,https://www.dropbox.com/scl/fi/4lkd3f4bu50slrgxhhj1t/Shakur-Mohammed-II.mp4?rlkey=ebinpxugyifbf9xsoxygyy95s&raw=1
Shakur Mohammed,Orlando City,MLS,2025-2026,shakur-mohammed-gha-2004,Shakur Mohammed III.mp4,https://www.dropbox.com/scl/fi/3tv46dv1hqpro7pvyw4pt/Shakur-Mohammed-III.mp4?rlkey=8z6yp1ggzkx19exhdldplgytr&raw=1
Lucas Bartlett,D.C. United,MLS,2025-2026,lucas-bartlett-usa-1998,Lucas Bartlett.mp4,https://www.dropbox.com/scl/fi/9tzclf3tekmf0qfusbfa1/Lucas-Bartlett.mp4?rlkey=hbz8cvaignu446ooysagaiteh&raw=1
Max Arfsten,Columbus Crew,MLS,2025-2026,max-arfsten-usa-2002,Max Arfsten.mp4,https://www.dropbox.com/scl/fi/btoig0da18znul579ucj0/Max-Arfsten.mp4?rlkey=ol1a3iss4p1cy9vhcfvclfqge&raw=1
Max Arfsten,Columbus Crew,MLS,2025-2026,max-arfsten-usa-2002,Max Arfsten II.mp4,https://www.dropbox.com/scl/fi/r6muwzy3c4y9pjnj8oxvd/Max-Arfsten-II.mp4?rlkey=7y0xgmqdo7zb0qodheiuigstx&raw=1
Nathan Harriel,Philadelphia Union,MLS,2025-2026,nathan-harriel-usa-2002,Nathan Harriel.mp4,https://www.dropbox.com/scl/fi/p4f3qfesjcutxpkbxo94n/Nathan-Harriel.mp4?rlkey=0bahilxljt90qekq2x12rbovi&raw=1
Tristan Blackmon,Vancouver W'caps,MLS,2025-2026,tristan-blackmon-usa-1997,Tristan Blackmon.mp4,https://www.dropbox.com/scl/fi/lnczjv1uiht91hvasfd45/Tristan-Blackmon.mp4?rlkey=kqqc7ilelzcrbfilh3u283pls&raw=1
Noel Caliskan,Real Salt Lake,MLS,2025-2026,noel-caliskan-ger-2001,Noel Caliskan.mp4,https://www.dropbox.com/scl/fi/gqdtlwoloqiaoxjlu34ms/Noel-Caliskan.mp4?rlkey=vbxl1qbzbxpqb7yt35rqw8gh1&raw=1
Sam Junqua,Real Salt Lake,MLS,2025-2026,sam-junqua-usa-1997,Sam Junqua _ Left Back 96' 🇺🇸🇫🇷.mp4,https://www.dropbox.com/scl/fi/jperapmmjy4o1csnvyqud/Sam-Junqua-_-Left-Back-96.mp4?rlkey=yzh9zusn6pa62ybmg5gso4qtr&raw=1
Sam Junqua,Real Salt Lake,MLS,2025-2026,sam-junqua-usa-1997,Sam Junqua II.mp4,https://www.dropbox.com/scl/fi/djujk90lgcp8z84tl4eub/Sam-Junqua-II.mp4?rlkey=gt5rmd4ygowfl9w5k0hd2wun6&raw=1
Sam Junqua,Real Salt Lake,MLS,2025-2026,sam-junqua-usa-1997,Sam Junqua.mp4,https://www.dropbox.com/scl/fi/coqm8ieqjp5n6fpxwrxl6/Sam-Junqua.mp4?rlkey=qboq861pg0r4rojbqo0g4n4pq&raw=1
Sam Junqua,Real Salt Lake,MLS,2025-2026,sam-junqua-usa-1997,Sam Junqua III.mp4,https://www.dropbox.com/scl/fi/auvoax9hwrd4ipibnw4jq/Sam-Junqua-III.mp4?rlkey=0yvcw7wf4s7v17q4zb23f4q0v&raw=1
Sam Rogers,Chicago Fire,MLS,2025-2026,sam-rogers-usa-2000,Sam Rogers.mp4,https://www.dropbox.com/scl/fi/ohel6axn0pdrnqkyuyg8u/Sam-Rogers.mp4?rlkey=8fbb1c7br8z0r7lwa1bafnuux&raw=1
Sam Rogers,Chicago Fire,MLS,2025-2026,sam-rogers-usa-2000,Sam Rogers.mp4,https://www.dropbox.com/scl/fi/bdhg6ze2qdacqp1wb5h8r/Sam-Rogers.mp4?rlkey=wdsvshzekowi1iy277j15u2x6&raw=1
Mauricio Pineda,Chicago Fire,MLS,2025-2026,mauricio-pineda-usa-1998,Mauricio Pineda II.mp4,https://www.dropbox.com/scl/fi/mi09xk9zzc6317e2nywxs/Mauricio-Pineda-II.mp4?rlkey=3xqdivbh8xx01dq0xzxqwrxyd&raw=1
Mauricio Pineda,Chicago Fire,MLS,2025-2026,mauricio-pineda-usa-1998,Mauricio Pineda.mp4,https://www.dropbox.com/scl/fi/3cq1sxtv3junz3ops8pnt/Mauricio-Pineda.mp4?rlkey=xqt4m30hciggtazx63u6bv6t7&raw=1
Raheem Edwards,NY Red Bulls,MLS,2025-2026,raheem-edwards-can-1996,Raheem Edwards .mp4,https://www.dropbox.com/scl/fi/22jbdm3dm3ibm63h2l20j/Raheem-Edwards.mp4?rlkey=gfvpyworyy74lqi0dyqzl243a&raw=1
Raheem Edwards,NY Red Bulls,MLS,2025-2026,raheem-edwards-can-1996,Raheem Edwards.mp4,https://www.dropbox.com/scl/fi/a4b0akli4p5oarsr6nk4j/Raheem-Edwards.mp4?rlkey=87po57eoraorp5dl6pnl8q3qp&raw=1
Tristan Muyumba,Atlanta Utd,MLS,2025-2026,tristan-muyumba-fra-1998,Tristan Muyumba.mp4,https://www.dropbox.com/scl/fi/y2o0o2xu05x28apxfzevn/Tristan-Muyumba.mp4?rlkey=uwlpdwa0f33aogcuedcswk85i&raw=1
Harold Osorio,Chicago Fire,MLS,2025-2026,harold-osorio-slv-2004,Harold Osório.mp4,https://www.dropbox.com/scl/fi/1yjb87qygras13kqf6gik/Harold-Os-rio.mp4?rlkey=iam6beathwa0zmcyag524j55j&raw=1
Adolfo Gaich,Estudiantes–LP,Primera División,2025-2026,adolfo-gaich-arg-1998,Adolfo Gaich.mp4,https://www.dropbox.com/scl/fi/jvpe4pyv8hdc3xoiat3r3/Adolfo-Gaich.mp4?rlkey=ptny24lcb9bv6fijysd1oazha&raw=1
Brian Aguirre,Estudiantes–LP,Primera División,2025-2026,brian-aguirre-arg-2002,Brian Aguirre.mp4,https://www.dropbox.com/scl/fi/21s5j3qh7bmvg0faqz6qq/Brian-Aguirre.mp4?rlkey=1tb0z26muuoaeej9hhin6t4q1&raw=1
Pedro Silva Torrejón,Gimnasia–LP,Primera División,2025-2026,pedro-silva-torrejon-arg-1996,Pedro Silva Torrejón.mp4,https://www.dropbox.com/scl/fi/beiocnsxbc2q3syq6dwkx/Pedro-Silva-Torrej-n.mp4?rlkey=6q34681e8k12vql57phl5lq8s&raw=1
Sebastián Villa,Ind. Rivadavia,Primera División,2025-2026,sebastian-villa-col-1995,Sebastián Villa.mp4,https://www.dropbox.com/scl/fi/0mtjxf3yr65sfdcg8tmg6/Sebasti-n-Villa.mp4?rlkey=9lpflq11gznof2pt41rj4i5gh&raw=1
Franco Orozco,Newell's,Primera División,2025-2026,franco-orozco-arg-2001,Franco Orozco.mp4,https://www.dropbox.com/scl/fi/7bmt9l3hjzk6fdirf9jxn/Franco-Orozco.mp4?rlkey=tuaibhi319hdg8k85lolmzoxc&raw=1
Matko Miljevic,Racing Club,Primera División,2025-2026,matko-miljevic-usa-2000,Matko Miljevic.mp4,https://www.dropbox.com/scl/fi/7d6whj04eownvt5rozjif/Matko-Miljevic.mp4?rlkey=e4cgq9x3pgnlq1s765hkvhtbc&raw=1
Sidny Cabral,Estrela,Primeira Liga,2025-2026,sidny-cabral-cpv-2002,Sidny Lopes Cabral.mp4,https://www.dropbox.com/scl/fi/dxm10xxzfesrw7aqhogbh/Sidny-Lopes-Cabral.mp4?rlkey=bilw5c1wpo12tc17zdd1kfu7f&raw=1
Omar Richards,Rio Ave,Primeira Liga,2025-2026,omar-richards-eng-1997,Omar Richards.mp4,https://www.dropbox.com/scl/fi/1k158wofws654bdtaotoc/Omar-Richards.mp4?rlkey=mhvv2pibfzrpsh75ssmnnwqgz&raw=1
Fahem Benaissa Yahia,Casa Pia,Primeira Liga,2025-2026,fahem-benaissa-yahia-fra-2002,Fahem Benaïssa-Yahia.mp4,https://www.dropbox.com/scl/fi/uq4am1e9asmzb1mug2tlq/Fahem-Bena-ssa-Yahia.mp4?rlkey=nsoed738gbeksvjcjs9t9mrzi&raw=1
Pablo Gozalbez,Arouca,Primeira Liga,2025-2026,pablo-gozalbez-esp-2001,Pablo Gozálbez.mp4,https://www.dropbox.com/scl/fi/vcm0ouhbj4784n1fjdlh5/Pablo-Goz-lbez.mp4?rlkey=oscgujcpt0yla7m6xxnj1hu33&raw=1
Noa Lang,Galatasaray,Süper Lig,2025-2026,noa-lang-ned-1999,Noa Lang.mp4,https://www.dropbox.com/scl/fi/mubuuxm2qjyddsohyxerg/Noa-Lang.mp4?rlkey=9m4nf59so0xyodq5dd5s7maxt&raw=1
Sander van de Streek,Antalyaspor,Süper Lig,2025-2026,sander-van-de-streek-ned-1993,Sander van de Streek.mp4,https://www.dropbox.com/scl/fi/1yf2cudch8mctpiyuw9m0/Sander-van-de-Streek.mp4?rlkey=rqzxt8q4sie1elhxssins59dh&raw=1
Modibo Sagnan,Rizespor,Süper Lig,2025-2026,modibo-sagnan-mli-1999,Modibo Sagnan.mp4,https://www.dropbox.com/scl/fi/tuu7ns5cnqqfaozu7dzul/Modibo-Sagnan.mp4?rlkey=yj3y15mqi2b3edwmwtccgufhq&raw=1
Sam Beukema,Napoli,Serie A,2025-2026,sam-beukema-ned-1999,Sam Beukema 2026.mp4,https://www.dropbox.com/scl/fi/v2q3947ykxjjkawv9rffd/Beukema-2026.mov?rlkey=h0rtj1jjnqkk8limijtppwr1a&raw=1
Sam Beukema,Napoli,Serie A,2025-2026,sam-beukema-ned-1999,Sam Beukema IV.mp4,https://www.dropbox.com/scl/fi/z1fugc5zju8wuu1h0jli2/Sam-Beukema-IV.mp4?rlkey=o8xlwljwxjr6cnsy2ynf6f71f&raw=1
Sam Beukema,Napoli,Serie A,2025-2026,sam-beukema-ned-1999,Sam Beukema VI.mp4,https://www.dropbox.com/scl/fi/fko0j0hutoyoqulsdvu4k/Sam-Beukema-VI.mp4?rlkey=6e3tltsrg6wmchj90xq4w6v95&raw=1
Sam Beukema,Napoli,Serie A,2025-2026,sam-beukema-ned-1999,Sam Beukema (Bologna).mov,https://www.dropbox.com/scl/fi/4vglcvut3ch3himf6rysg/Sam-Beukema-Bologna.mov?rlkey=x149pbtd4mx8ocphb4t3dfg64&raw=1
Sam Beukema,Napoli,Serie A,2025-2026,sam-beukema-ned-1999,Sam  Beukema (Bologna).mov,https://www.dropbox.com/scl/fi/h9dwmjv4zsqhn5olrl0dv/Sam-Beukema-Bologna.mov?rlkey=488hyhq8h08zzwt64lfiy5gqm&raw=1
Sam Beukema,Napoli,Serie A,2025-2026,sam-beukema-ned-1999,Sam Beukema IV update.mp4.mov,https://www.dropbox.com/scl/fi/16q15b1cuvddmcy41quyr/Sam-Beukema-IV-update.mp4.mov?rlkey=fwt101ntwpqe03s4j5bsgwmor&raw=1
Sam Beukema,Napoli,Serie A,2025-2026,sam-beukema-ned-1999,Sam Beukema IV update.mp4,https://www.dropbox.com/scl/fi/kdp8bbl8r15tx7un6owa2/Sam-Beukema-IV-update.mp4?rlkey=lm4tqal8i4s6b7y7lbjc4zr8u&raw=1
Sam Beukema,Napoli,Serie A,2025-2026,sam-beukema-ned-1999,Sam Beukema III (Update).mp4,https://www.dropbox.com/scl/fi/g9g42d00h85edltwnkbt6/Sam-Beukema-III-Update.mp4?rlkey=lskxiphh9inyzckcv170jrafz&raw=1
Sam Beukema,Napoli,Serie A,2025-2026,sam-beukema-ned-1999,Sam Beukema (AZ Conference League).mov,https://www.dropbox.com/scl/fi/34cy98y2cpjl402gfij23/Sam-Beukema-AZ-Conference-League.mov?rlkey=dy9d2krzjllvhooffciophma5&raw=1
Sam Beukema,Napoli,Serie A,2025-2026,sam-beukema-ned-1999,Sam Beukema III.mp4,https://www.dropbox.com/scl/fi/ovpz84wkh52m035nvnwtw/Sam-Beukema-III.mp4?rlkey=csr7zne1fqr8tnumazbv53hl2&raw=1
Sam Beukema,Napoli,Serie A,2025-2026,sam-beukema-ned-1999,Sam Beukema V.mp4,https://www.dropbox.com/scl/fi/e6pjp2vsy49gc8r7zlsm6/Sam-Beukema-V.mp4?rlkey=v0u2q012vpej6ia773m0whwcu&raw=1
Sam Beukema,Napoli,Serie A,2025-2026,sam-beukema-ned-1999,Sam Beukema (AZ Conference League).mp4,https://www.dropbox.com/scl/fi/gcwmtvlobjwxs9uyp1qnh/Sam-Beukema-AZ-Conference-League.mp4?rlkey=m4eobdjbhyjszd2cwzgx4lj49&raw=1
Sam Beukema,Napoli,Serie A,2025-2026,sam-beukema-ned-1999,Sam Beukema II.mp4,https://www.dropbox.com/scl/fi/hrnxgjcmj83pm39f3879f/Sam-Beukema-II.mp4?rlkey=vh4lnfg2v6xo4yp202uw7yjz0&raw=1
Sam Beukema,Napoli,Serie A,2025-2026,sam-beukema-ned-1999,Sam Beukema VI update.mov,https://www.dropbox.com/scl/fi/ae75m6lylzkg8o20a4j0r/Sam-Beukema-VI-update.mov?rlkey=pj0qgtw49dfq1p4vlzpr1vqpv&raw=1
Jean Butez,Como,Serie A,2025-2026,jean-butez-fra-1995,Jean Butez II.mp4,https://www.dropbox.com/scl/fi/g8q4vww4ogdp70pu82pzs/Jean-Butez-II.mp4?rlkey=5n242y5n1t02kc2wauirxl3wv&raw=1
Ali Dembélé,Torino,Serie A,2025-2026,ali-dembele-fra-2004,Ali Dembele II.mov,https://www.dropbox.com/scl/fi/c04282wchgdriilu4gm1u/Ali-Dembele-II.mov?rlkey=7wkwr9itblpr346s3p73bcb3i&raw=1
Jay Idzes,Sassuolo,Serie A,2025-2026,jay-idzes-idn-2000,Jay Idzes.mp4,https://www.dropbox.com/scl/fi/w0qi6j9n7tjf5kxe9y3oj/Jay-Idzes.mp4?rlkey=cdn1t61f2psq88h8u668qnjvx&raw=1
Jay Idzes,Sassuolo,Serie A,2025-2026,jay-idzes-idn-2000,Jay Idzes II.mp4,https://www.dropbox.com/scl/fi/ihtcwchrzdd0aceerznzq/Jay-Idzes-II.mp4?rlkey=nhhe8ce9tz82t9kcxn2vs56oz&raw=1
Rafael Leão,Milan,Serie A,2025-2026,rafael-leao-por-1999,Rafael Leão.mp4,https://www.dropbox.com/scl/fi/b8tgd6xxc0cya0we243yn/Rafael-Le-o.mp4?rlkey=twsxd2zdgp54samo7oj1e28p0&raw=1
Giorgio Scalvini,Atalanta,Serie A,2025-2026,giorgio-scalvini-ita-2004,Giorgio Scalvini.mp4,https://www.dropbox.com/scl/fi/8y0gqanthfoe08ftrus1e/Giorgio-Scalvini.mp4?rlkey=uhfbf93xasdli4gjkwffbmd3f&raw=1
Gemelson,Atlètic Club d'Escaldes,Andorra Primera Divisió,2025-2026,gemelson-unk-2005,Gemelson.mp4,https://www.dropbox.com/scl/fi/8u0bhssulwf9624os4a2l/Gemelson.mp4?rlkey=aoef954d13srm8dwqf1fso1m3&raw=1
Evan Waldrep,Carroi,Andorra Primera Divisió,2025-2026,evan-waldrep-unk-2025,Evan Waldrep.mp4,https://www.dropbox.com/scl/fi/ggdrvmexk69wxabdzu6zl/Evan-Waldrep.mp4?rlkey=6g49xv0gipmdogup76jwk5ejj&raw=1
Miguel López,UE Santa Coloma,Andorra Primera Divisió,2025-2026,miguel-lopez-unk-2025,Miguel López II.mp4,https://www.dropbox.com/scl/fi/u5i0m33cgaq78rsu9xhyf/Miguel-L-pez-II.mp4?rlkey=x0jjtmr3sdnzcgbmj3w5o4r95&raw=1
Marcos Blasco,Atlètic Club d'Escaldes,Andorra Primera Divisió,2025-2026,marcos-blasco-unk-2001,Marcos Blasco.mp4,https://www.dropbox.com/scl/fi/1oqyhso0frukqaybt95x0/Marcos-Blasco.mp4?rlkey=0cwvk82zdim1gr2domtspivud&raw=1
Mariano Gómez,Ferencváros,NB I,2025-2026,mariano-gomez-arg-1999,Mariano Gómez.mp4,https://www.dropbox.com/scl/fi/dnnr8vhg0nvxe9bo0q7kg/Mariano-G-mez.mp4?rlkey=zyrd604efvp6yecb0dtfcx8nu&raw=1
Mariano Gómez,Ferencváros,NB I,2025-2026,mariano-gomez-arg-1999,Mariano Gómez II.mp4,https://www.dropbox.com/scl/fi/dw2zhfdk264zvxkd8c8pc/Mariano-G-mez-II.mp4?rlkey=7gesz8ytr75dql47pd5krxpb7&raw=1
Eduvie Ikoba,Kazincbarcikai,NB I,2025-2026,eduvie-ikoba-usa-1998,Eduvie Ikoba.mp4,https://www.dropbox.com/scl/fi/qguumva8t45b2jxgs8jqp/Eduvie-Ikoba.mp4?rlkey=tumtra59twm3wd7ztxpig5sad&raw=1
Philippe Rommens,Ferencváros,NB I,2025-2026,philippe-rommens-bel-1998,Philippe Rommens.mp4,https://www.dropbox.com/scl/fi/a95h79hpoo5ln7eofbbth/Philippe-Rommens.mp4?rlkey=r9nklo28udzblfsoxps7h3nc1&raw=1
Loris Tinelli,,BGL Ligue,2025-2026,loris-tinelli-unk-1998,Loris Tinelli.mp4,https://www.dropbox.com/scl/fi/qpyzzt7jgxbn32fqbwr1d/Loris-Tinelli.mp4?rlkey=wc5co973uvu12zbp7a726d86m&raw=1
Omar Natami,,BGL Ligue,2025-2026,omar-natami-unk-1998,Omar Natami.mp4,https://www.dropbox.com/scl/fi/cfye6483up4tjg2s3n4w2/Omar-Natami.mp4?rlkey=h6ca5679xh2rztskduha546ks&raw=1
Kenan Avdusinovic,FC Progrès Niederkorn,BGL Ligue,2025-2026,kenan-avdusinovic-unk-1997,Kenan Avdusinovic.mp4,https://www.dropbox.com/scl/fi/qw0t1zfyqv348d1dkdktw/Kenan-Avdusinovic.mp4?rlkey=jfhg6h2cgodu9eoni3o1oeal4&raw=1
Kino Delorge,,BGL Ligue,2025-2026,kino-delorge-unk-1997,Kino Delorge III.mp4,https://www.dropbox.com/scl/fi/g40383nchupaer1xovq6y/Kino-Delorge-III.mp4?rlkey=e6kur34y9ht01hndif0koa1g4&raw=1
Kino Delorge,,BGL Ligue,2025-2026,kino-delorge-unk-1997,Kino Delorge (Brandsen Sports).mp4,https://www.dropbox.com/scl/fi/262hmi5d68kyfg4z0vn9g/Kino-Delorge-Brandsen-Sports.mp4?rlkey=wj5ujml7wzbgbg9uphoqb1ofg&raw=1
Adam Taggart,Perth Glory,A-League,2025-2026,adam-taggart-aus-1993,Adam Taggart.mp4,https://www.dropbox.com/scl/fi/e1p2xmd51it3olgy9eua5/Adam-Taggart.mp4?rlkey=v3hffxt1v0gv798g9mug5ws91&raw=1
Germán Ferreyra,Melb City,A-League,2025-2026,german-ferreyra-arg-1996,Germán Ferreyra.mp4,https://www.dropbox.com/scl/fi/zfyirvu8bt6s90naj1kwo/Germ-n-Ferreyra.mp4?rlkey=68og80qt1jkflpznmq3phnl3s&raw=1
Tony Alfaro,El Paso,USL Championship,2025-2026,tony-alfaro-usa-1992,Tony Alfaro.mp4,https://www.dropbox.com/scl/fi/pbu8uwd92ug5bifckuc44/Tony-Alfaro.mp4?rlkey=4jh4xairnu4jq1hjlb4ohtp0h&raw=1
Gabriel Alves,Brooklyn FC,USL Championship,2025-2026,gabriel-alves-0-2025,Gabriel Alves.mp4,https://www.dropbox.com/scl/fi/b11xflnv7nwaqfy7rpkq0/Gabriel-Alves.mp4?rlkey=8zt3usx2tuhw2wqqz0s3pctkq&raw=1
Luke Biasi,Phoenix Rising,USL Championship,2025-2026,luke-biasi-usa-1998,Luke Biasi.mp4,https://www.dropbox.com/scl/fi/m2zm2dlfqzksr6nr7yk07/Luke-Biasi.mp4?rlkey=ih53x5ludgjjpezr00s74uqud&raw=1
Julian Bravo,Oakland Roots,USL Championship,2025-2026,julian-bravo-usa-2000,Julian Bravo.mp4,https://www.dropbox.com/scl/fi/f3kelfgrmdhhz7xuwpy6y/Julian-Bravo.mp4?rlkey=6296mhbnuz1cf6y1s783p8y19&raw=1
Julian Bravo,Oakland Roots,USL Championship,2025-2026,julian-bravo-usa-2000,Julian Bravo II.mp4,https://www.dropbox.com/scl/fi/idzgh8npy5q93zw7j07uc/Julian-Bravo-II.mp4?rlkey=kkg840nhaenv8tytwgqo707s6&raw=1
Tom Brewitt,Orange County,USL Championship,2025-2026,tom-brewitt-eng-1996,Tom Brewitt.mp4,https://www.dropbox.com/scl/fi/ksz15nf2ul7vgaxw3g413/Tom-Brewitt.mp4?rlkey=g4pcfffztwv9jlzf52qkrffor&raw=1
Mataeo Bunbury,Orange County,USL Championship,2025-2026,mataeo-bunbury-can-2004,Mataeo Bunbury.mp4,https://www.dropbox.com/scl/fi/04gg8nqhn845ag2u4fxhq/Mataeo-Bunbury.mp4?rlkey=kwqyo8wx8i4y4i7tq463goip3&raw=1
Juan Carlos Obregón,Brooklyn FC,USL Championship,2025-2026,juan-carlos-obregon-hon-1997,Juan Carlos Obregón.mp4,https://www.dropbox.com/scl/fi/sk9atx7jfzr0gtisp30cc/Juan-Carlos-Obreg-n.mp4?rlkey=lvxb4y7pn34a28uv8gohp5up7&raw=1
Juan Carlos Obregón,Brooklyn FC,USL Championship,2025-2026,juan-carlos-obregon-hon-1997,Juan Carlos Obregón II.mp4,https://www.dropbox.com/scl/fi/599w6ydhffcrz1lvacv0e/Juan-Carlos-Obreg-n-II.mp4?rlkey=0173wbzmvjn1ivbxk3u098e4j&raw=1
Ronaldo Damus,B'ham Legion,USL Championship,2025-2026,ronaldo-damus-hai-1999,Ronaldo Damus.mp4,https://www.dropbox.com/scl/fi/lvv1j28lp10r7iml6bj13/Ronaldo-Damus.mp4?rlkey=2awcoz5ig4d7pguuisycwy5ge&raw=1
Ronaldo Damus,B'ham Legion,USL Championship,2025-2026,ronaldo-damus-hai-1999,Ronaldo Damus.mp4,https://www.dropbox.com/scl/fi/l7bo0d9ri4yw2cnekyrb4/Ronaldo-Damus.mp4?rlkey=3yd3kjonm8v0vvm6v513o8z0x&raw=1
Ronaldo Damus,B'ham Legion,USL Championship,2025-2026,ronaldo-damus-hai-1999,Ronaldo Damus 2024.mp4,https://www.dropbox.com/scl/fi/2b5nbyribe9otdlqicsgm/Ronaldo-Damus-2024.mp4?rlkey=f6dz017qn8xlf02po9kzlpzvh&raw=1
Ronaldo Damus,B'ham Legion,USL Championship,2025-2026,ronaldo-damus-hai-1999,Ronaldo Damus.mp4,https://www.dropbox.com/scl/fi/ezibp2wbr792hnig4nqxm/Ronaldo-Damus.mp4?rlkey=9dx5hig3tzvtcpfq5oifaq2a8&raw=1
Frank Daroma,CS Switchbacks,USL Championship,2025-2026,frank-daroma-usa-2000,Frank Daroma (update).mp4,https://www.dropbox.com/scl/fi/gniikqd51lzyk2xby61dk/Frank-Daroma-update.mp4?rlkey=htg2c2uuk4hy1fg5h1fjdsgxn&raw=1
Frank Daroma,CS Switchbacks,USL Championship,2025-2026,frank-daroma-usa-2000,Frank Daroma.mp4,https://www.dropbox.com/scl/fi/bknccl33ukcl7j1qksyf9/Frank-Daroma.mp4?rlkey=s4vax42fm8agio463bii5coe5&raw=1
Frank Daroma,CS Switchbacks,USL Championship,2025-2026,frank-daroma-usa-2000,Frank Daroma 2024.mp4,https://www.dropbox.com/scl/fi/36mwz8z88879qaka724kb/Frank-Daroma-2024.mp4?rlkey=b4g2b114er7ublcmqjl0z3l92&raw=1
Charlie Dennis,Phoenix Rising,USL Championship,2025-2026,charlie-dennis-eng-1995,Charlie Dennis.mp4,https://www.dropbox.com/scl/fi/hqem8msxz214ivid69fq2/Charlie-Dennis.mp4?rlkey=zklrofq42ygcyz3156ft49c3i&raw=1
Lee Desmond,Sac Republic,USL Championship,2025-2026,lee-desmond-irl-1994,Lee Desmond.mp4,https://www.dropbox.com/scl/fi/svbklj143xtrmet429deb/Lee-Desmond.mp4?rlkey=mmycug20dqqd0n80lsc7yn41j&raw=1
Nathan Dossantos,TB Rowdies,USL Championship,2025-2026,nathan-dossantos-usa-1998,Nathan Dossantos.mp4,https://www.dropbox.com/scl/fi/yghmv8r2i4ybff9qo64pn/Nathan-Dossantos.mp4?rlkey=rxg3otr6qm3apel2yn0t9ivpu&raw=1
Junior Etou,Pittsburgh,USL Championship,2025-2026,junior-etou-cgo-1993,Junior Etou.mp4,https://www.dropbox.com/scl/fi/txbux67n4epr8ztdizr7p/Junior-Etou.mp4?rlkey=8zjb15kw06n0tk3e2squ0g7ra&raw=1
Carl Fred Sainté,El Paso,USL Championship,2025-2026,carl-fred-sainte-hai-2001,Carl Sainté.mp4,https://www.dropbox.com/scl/fi/6iy8gcxk0aya1ney7e1dk/Carl-Saint.mp4?rlkey=xwjxecvo2zxbtvz2xqam29vts&raw=1
Tyler Gibson,Oakland Roots,USL Championship,2025-2026,tyler-gibson-usa-1990,Tyler Gibson.mp4,https://www.dropbox.com/scl/fi/1xcnp63aczmv1tqbqet31/Tyler-Gibson.mp4?rlkey=5ze3kfkeyu5l6651sgen12m3j&raw=1
Aaron Guillen,LV Lights FC,USL Championship,2025-2026,aaron-guillen-usa-1992,Aaron Guillén II.mp4,https://www.dropbox.com/scl/fi/jy6hl1jooo083g55vj135/Aaron-Guill-n-II.mp4?rlkey=4j1q74oxyp7e916hbxj0owyio&raw=1
Aaron Guillen,LV Lights FC,USL Championship,2025-2026,aaron-guillen-usa-1992,Aaron Guillén.mp4,https://www.dropbox.com/scl/fi/4zifdf9yrl071n1cqtlxh/Aaron-Guill-n.mp4?rlkey=gvre97lphbazdrep76k8sjnak&raw=1
Neveal Hackshaw,Oakland Roots,USL Championship,2025-2026,neveal-hackshaw-tri-1995,Neveal Hackshaw.mp4,https://www.dropbox.com/scl/fi/eqvlpvivmp6bbslbrhmpj/Neveal-Hackshaw.mp4?rlkey=44shavhmjwj0is8n9yh0ru9y5&raw=1
Nabi Kibunguchy,Indy Eleven,USL Championship,2025-2026,nabi-kibunguchy-ken-1997,Nabi Kibunguchy.mp4,https://www.dropbox.com/scl/fi/5avkvkxxwbumumcqf5dqf/Nabi-Kibunguchy.mp4?rlkey=o70c6gkd4862xt9tknz4ul9lm&raw=1
Kevon Lambert,Louisville City,USL Championship,2025-2026,kevon-lambert-jam-1996,Kevon Lambert.mp4,https://www.dropbox.com/scl/fi/3lfipg5m7wiw9bu0x28ou/Kevon-Lambert.mp4?rlkey=6f6n1c1zroznc0hg3gta4krr3&raw=1
Sadam Masereka,CS Switchbacks,USL Championship,2025-2026,sadam-masereka-uga-2000,Sadam Masereka.mp4,https://www.dropbox.com/scl/fi/1ekilse089iiquaxq7lht/Sadam-Masereka.mp4?rlkey=0vb9slzs73i64047z4k7yebxo&raw=1
Aiden McFadden,Louisville City,USL Championship,2025-2026,aiden-mcfadden-usa-1998,Aiden McFadden.mp4,https://www.dropbox.com/scl/fi/4u19u8vcglipeoope8gjt/Aiden-McFadden.mp4?rlkey=cqj2lp9yqi2zg6nseo186bypi&raw=1
Adrien Perez,CS Switchbacks,USL Championship,2025-2026,adrien-perez-usa-1995,Adrien Perez.mp4,https://www.dropbox.com/scl/fi/bubtqq5k06km22cryv9ju/Adrien-Perez.mp4?rlkey=nx1t5q38hsgc5dp0huz02q49l&raw=1
Adrien Perez,CS Switchbacks,USL Championship,2025-2026,adrien-perez-usa-1995,Adrien Perez II.mp4,https://www.dropbox.com/scl/fi/uw4y6x63pei5e1izk35or/Adrien-Perez-II.mp4?rlkey=e0pcvb0d8nxckwu8gbq6lej5t&raw=1
Aodhan Quinn,Indy Eleven,USL Championship,2025-2026,aodhan-quinn-usa-1991,Aodhan Quinn.mp4,https://www.dropbox.com/scl/fi/jk880i8w8e0mttkub5cdg/Aodhan-Quinn.mp4?rlkey=oftn1u9whzsxlnvo7qbb7ni1x&raw=1
Johnny Rodriguez,LV Lights FC,USL Championship,2025-2026,johnny-rodriguez-usa-1997,Johnny Rodríguez.mp4,https://www.dropbox.com/scl/fi/zdzjur7q2w5c5i29rugkh/Johnny-Rodr-guez.mp4?rlkey=knplpv8exzfqvjqt1jhwptpr3&raw=1
Will Seymore,New Mexico Utd,USL Championship,2025-2026,will-seymore-usa-1991,Will Seymore.mp4,https://www.dropbox.com/scl/fi/45iczk5nhvs9odf54kfow/Will-Seymore.mp4?rlkey=m574ssa0axguxe1zfxyxfar2r&raw=1
Raheem Somersall,Sporting JAX,USL Championship,2025-2026,raheem-somersall-skn-1996,Raheem Somersall.mp4,https://www.dropbox.com/scl/fi/536mrsw9x13moux0julwj/Raheem-Somersall.mp4?rlkey=v928wma8n5kz7nw1kdn09csy9&raw=1
Kofi Twumasi,El Paso,USL Championship,2025-2026,kofi-twumasi-usa-1996,Kofi Twumasi II.mp4,https://www.dropbox.com/scl/fi/ciwdc2hb3z9cxb7xiql1l/Kofi-Twumasi-II.mp4?rlkey=7f1cym0o06c6z8hpg5b7k7lvn&raw=1
Augustine Williams,Hartford Athletic,USL Championship,2025-2026,augustine-williams-sle-1996,Augustine Williams.mp4,https://www.dropbox.com/scl/fi/kexvi6gsbxxkik5qx778w/Augustine-Williams.mp4?rlkey=7hvfs80mjpol48yq6fkmnxwks&raw=1
Emilio Ycaza,Charleston,USL Championship,2025-2026,emilio-ycaza-usa-1996,Emilio Ycaza.mp4,https://www.dropbox.com/scl/fi/y65qpfoai5c68kkzl7kq2/Emilio-Ycaza.mp4?rlkey=fruz1ftduj5gcpjre33eb80gn&raw=1
Sékou Gassama,Universitario,Liga 1 Perú,2025-2026,sekou-gassama-sen-1994,Sekou Gassama.mp4,https://www.dropbox.com/scl/fi/1v3lgpx1d67pxl8apnttf/Sekou-Gassama.mp4?rlkey=g9xspbfdjm9sb19f5yeucfyv0&raw=1
Carlos Gómez,Cajamarca,Liga 1 Perú,2025-2026,carlos-gomez-per-2004,Carlos Gómez.mp4,https://www.dropbox.com/scl/fi/amz33eov2yzfi3oz8o0e2/Carlos-G-mez.mp4?rlkey=31j5eftgu6w2ifzn90f7enl0y&raw=1
Luciano Nequecaur,Sport Boys,Liga 1 Perú,2025-2026,luciano-nequecaur-arg-1991,Luciano Nequecaur.mp4,https://www.dropbox.com/scl/fi/3hhxg7vnavao2f7dxvnu3/Luciano-Nequecaur.mp4?rlkey=pp6ppqe4kkzlr77mhwb5s0utd&raw=1
Marlon Ruidías,Cusco,Liga 1 Perú,2025-2026,marlon-ruidias-per-1998,Marlon Ruidias.mp4,https://www.dropbox.com/scl/fi/juesa9cyvqteuitwutsvp/Marlon-Ruidias.mp4?rlkey=jxnil4mnjpftvt69t20hmp02c&raw=1
Leonel Solís,Sport Boys,Liga 1 Perú,2025-2026,leonel-solis-per-1996,Leonel Solís.mp4,https://www.dropbox.com/scl/fi/w06mzfsyzomyumdsdtaz2/Leonel-Sol-s.mp4?rlkey=pyltofqygc10d9yiyaqpg066h&raw=1
Yúber Quiñones,Pereira,Primera A,2025-2026,yuber-quinones-col-2002,Yuber Quiñones.mp4,https://www.dropbox.com/scl/fi/am1cqakp3olmzaslz2lv7/Yuber-Qui-ones.mp4?rlkey=bb7xtpiuap5oiloi138o8oml5&raw=1
Yann Massombo,Rheindorf Altach,Austrian Bundesliga,2025-2026,yann-massombo-unk-2000,Yann Massombo II.mp4,https://www.dropbox.com/scl/fi/qe5xpgu6fmzfy0asn9uac/Yann-Massombo-II.mp4?rlkey=4z3d3b9us5y35hu1f8xxapqzi&raw=1
Mounir El Allouchi,Willem II,Keuken Kampioen Divisie,2025-2026,mounir-el-allouchi-mar-1995,Mounir El Allouchi.mp4,https://www.dropbox.com/scl/fi/o8k7yvxg7w5mqw12wubb2/Mounir-El-Allouchi.mp4?rlkey=ni0577e0yxvl72bav1w3umi9t&raw=1
Jamal Amofa,Cambuur,Keuken Kampioen Divisie,2025-2026,jamal-amofa-ned-1999,Jamal Amofa II.mp4,https://www.dropbox.com/scl/fi/ttkk924jjgnq4ddkornlf/Jamal-Amofa-II.mp4?rlkey=gdkm58zm9esneikplwoqtydic&raw=1
Jamal Amofa,Cambuur,Keuken Kampioen Divisie,2025-2026,jamal-amofa-ned-1999,Jamal Amofa.mp4,https://www.dropbox.com/scl/fi/13b4vbsnfoaylv64xblzx/Jamal-Amofa.mp4?rlkey=jb9e0ans3wdz2v4pfkjjv75rl&raw=1
Justin Bakker,Vitesse,Keuken Kampioen Divisie,2025-2026,justin-bakker-ned-1998,Justin Bakker.mp4,https://www.dropbox.com/scl/fi/e6fxs05far2utvc0xnlrk/Justin-Bakker.mp4?rlkey=olo7q17x68h2r7dta5mym3are&raw=1
Justin Bakker,Vitesse,Keuken Kampioen Divisie,2025-2026,justin-bakker-ned-1998,Justin Bakker II.mp4,https://www.dropbox.com/scl/fi/umkl6pfr8ltdhg969ox03/Justin-Bakker-II.mp4?rlkey=61azzk38lxpxtmnpoxnif30ob&raw=1
Sven Braken,MVV Maastricht,Keuken Kampioen Divisie,2025-2026,sven-braken-ned-1993,Sven Braken.mp4,https://www.dropbox.com/scl/fi/mgvvzmpygidafcdn5ntwg/Sven-Braken.mp4?rlkey=68tez4k4kchqmkxlipe5tppey&raw=1
Michael Breij,Roda JC,Keuken Kampioen Divisie,2025-2026,michael-breij-ned-1997,Michael Breij.mp4,https://www.dropbox.com/scl/fi/6j3tcvl5tv17fvj69m5t1/Michael-Breij.mp4?rlkey=wf8kr7c49ojm381xkpij3s7nv&raw=1
Finn de Bruin,ADO Den Haag,Keuken Kampioen Divisie,2025-2026,finn-de-bruin-ned-2004,Finn de Bruin.mp4,https://www.dropbox.com/scl/fi/7bavuy7xgkvznankt6vjj/Finn-de-Bruin.mp4?rlkey=x6in02iegcbdrhjl0ks695pn2&raw=1
Finn de Bruin,ADO Den Haag,Keuken Kampioen Divisie,2025-2026,finn-de-bruin-ned-2004,Finn de Bruin.mov,https://www.dropbox.com/scl/fi/jy86cd4mzzzwz7poudnzl/Finn-de-Bruin.mov?rlkey=87o6mgdq9sj69t8vfu1ckamoa&raw=1
Finn de Bruin,ADO Den Haag,Keuken Kampioen Divisie,2025-2026,finn-de-bruin-ned-2004,Finn de Bruin update 2024.mp4,https://www.dropbox.com/scl/fi/aa0ino9didbjs0nat1nnn/Finn-de-Bruin-update-2024.mp4?rlkey=jgsd75xfytyei716f07szovwp&raw=1
Anthony van den Hurk,Roda JC,Keuken Kampioen Divisie,2025-2026,anthony-van-den-hurk-cuw-1993,Anthony van den Hurk II.mp4,https://www.dropbox.com/scl/fi/zkquaglotiozm12t29maq/Anthony-van-den-Hurk-II.mp4?rlkey=pg6hidmlf0nz2ilzndmku707g&raw=1
Anthony van den Hurk,Roda JC,Keuken Kampioen Divisie,2025-2026,anthony-van-den-hurk-cuw-1993,Anthony van den Hurk III.mp4,https://www.dropbox.com/scl/fi/jzeepeluu9myu8frfk7p5/Anthony-van-den-Hurk-III.mp4?rlkey=0gf11fah6kgehncymoiuse34a&raw=1
Anthony van den Hurk,Roda JC,Keuken Kampioen Divisie,2025-2026,anthony-van-den-hurk-cuw-1993,Anthony van den Hurk.mp4,https://www.dropbox.com/scl/fi/qer1fcnw4gduxh9lgrn8s/Anthony-van-den-Hurk.mp4?rlkey=olp9chynnyvqlze95ejkhdnte&raw=1
Jerome Deom,Roda JC,Keuken Kampioen Divisie,2025-2026,jerome-deom-bel-1999,Jérôme Déom.mp4,https://www.dropbox.com/scl/fi/kp5os32ie8nv4dm0leq8q/J-r-me-D-om.mp4?rlkey=bwgc83pnt1lwn1eq5ukak7l4z&raw=1
Richard van der Venne,RKC Waalwijk,Keuken Kampioen Divisie,2025-2026,richard-van-der-venne-ned-1992,Richard van der Venne.mp4,https://www.dropbox.com/scl/fi/hdr6gb22wdboqj0n35cmj/Richard-van-der-Venne.mp4?rlkey=cs52ahualw9d0vymh6pyw7kg2&raw=1
Richard van der Venne,RKC Waalwijk,Keuken Kampioen Divisie,2025-2026,richard-van-der-venne-ned-1992,Richard van der Venne VI.mp4,https://www.dropbox.com/scl/fi/2bv717v1g7l1ys7eospgf/Richard-van-der-Venne-VI.mp4?rlkey=ay2bcin4iqsp8mnsjynsc0rhw&raw=1
Richard van der Venne,RKC Waalwijk,Keuken Kampioen Divisie,2025-2026,richard-van-der-venne-ned-1992,Richard van der Venne VII.mp4,https://www.dropbox.com/scl/fi/r2nad0uw7atdnxzeb9xmf/Richard-van-der-Venne-VII.mp4?rlkey=xp624hq06m13m0sfsjgjojld9&raw=1
Luca Everink,Emmen,Keuken Kampioen Divisie,2025-2026,luca-everink-ned-2001,Luca Everink update.mp4,https://www.dropbox.com/scl/fi/1z2yeai9000x42cdpsz8l/Luca-Everink-update.mp4?rlkey=vr2lrzobd9yz402otrgvnbpbp&raw=1
Luca Everink,Emmen,Keuken Kampioen Divisie,2025-2026,luca-everink-ned-2001,Luca Everink.mp4,https://www.dropbox.com/scl/fi/04xamze1rp9svuwfc7yg4/Luca-Everink.mp4?rlkey=amgxe4a8kchnf1hcoh29uge4g&raw=1
Navarone Foor,VVV-Venlo,Keuken Kampioen Divisie,2025-2026,navarone-foor-ned-1992,Navarone Foor.mp4,https://www.dropbox.com/scl/fi/mnskc0pvp36me1ilj0b32/Navarone-Foor.mp4?rlkey=7urq12ug3nx4r20n88jsy7c32&raw=1
Robert Klaasen,MVV Maastricht,Keuken Kampioen Divisie,2025-2026,robert-klaasen-ned-1994,Robert Klaasen.mp4,https://www.dropbox.com/scl/fi/s57sqlpzn7h7igtaji4qk/Robert-Klaasen.mp4?rlkey=wxfdosknvnt44nul7i7aja5u8&raw=1
Thijs van Leeuwen,Den Bosch,Keuken Kampioen Divisie,2025-2026,thijs-van-leeuwen-ned-2001,Thijs van Leeuwen.mp4,https://www.dropbox.com/scl/fi/shptwd317ln7womhv0dfr/Thijs-van-Leeuwen.mp4?rlkey=d2dm1n4vasf529y1o1is0xjst&raw=1
Thijs van Leeuwen,Den Bosch,Keuken Kampioen Divisie,2025-2026,thijs-van-leeuwen-ned-2001,Thijs van Leeuwen II.mp4,https://www.dropbox.com/scl/fi/opnx0dzmhznvn9xcg4zka/Thijs-van-Leeuwen-II.mp4?rlkey=qtz6xo2mrvpvzr5u8j2ddvs1i&raw=1
Bram Marsman,Cambuur,Keuken Kampioen Divisie,2025-2026,bram-marsman-ned-2003,Bram Marsman.mp4,https://www.dropbox.com/scl/fi/bc04teuykglbnxnmcioty/Bram-Marsman.mp4?rlkey=68xtvm5x4x4273f4ws20eg2z1&raw=1
Justin Mathieu,Oss,Keuken Kampioen Divisie,2025-2026,justin-mathieu-ned-1996,Justin Mathieu.mp4,https://www.dropbox.com/scl/fi/tmlw1all28jvssdx7qgh9/Justin-Mathieu.mp4?rlkey=us8gclq43ge5krjvj0mqg2fra&raw=1
Daryl van Mieghem,ADO Den Haag,Keuken Kampioen Divisie,2025-2026,daryl-van-mieghem-ned-1990,Daryl van Mieghem.mp4,https://www.dropbox.com/scl/fi/afpp9of1zwb3v6igcabyw/Daryl-van-Mieghem.mp4?rlkey=amtx4brsf4c4xehbtu6ei6i02&raw=1
Reuven Niemeijer,De Graafschap,Keuken Kampioen Divisie,2025-2026,reuven-niemeijer-ned-1995,Reuven Niemeijer.mp4,https://www.dropbox.com/scl/fi/yhn389sojuksgzgvb0748/Reuven-Niemeijer.mp4?rlkey=kfhmeb49p21om071482678u37&raw=1
Reuven Niemeijer,De Graafschap,Keuken Kampioen Divisie,2025-2026,reuven-niemeijer-ned-1995,Reuven Niemeijer.mp4,https://www.dropbox.com/scl/fi/f9jwnbta1wbf34jij0gjt/Reuven-Niemeijer.mp4?rlkey=uzwev4kceyuyx17fyetj64urp&raw=1
Kilian Nikiema,ADO Den Haag,Keuken Kampioen Divisie,2025-2026,kilian-nikiema-bfa-2003,Kilian Nikiema.mp4,https://www.dropbox.com/scl/fi/eyaelw98dj2msan6nho3j/Kilian-Nikiema.mp4?rlkey=g3hjultharr3odhw3swok8529&raw=1
Nicolas Pinto,Oss,Keuken Kampioen Divisie,2025-2026,nicolas-pinto-ned-2002,Nicolás Pinto.mp4,https://www.dropbox.com/scl/fi/k5iww63wviyq426t8ioi9/Nicol-s-Pinto.mp4?rlkey=79reg49fhim2xvqf0lu1n19q4&raw=1
Mart Remans,Oss,Keuken Kampioen Divisie,2025-2026,mart-remans-ned-1998,Mart Remans.mp4,https://www.dropbox.com/scl/fi/bvnz7ppargeminea0hl1j/Mart-Remans.mp4?rlkey=w5a4j0nds58xdpcyzsdje81sp&raw=1
Alexis Antunes,Servette FC,Swiss Super League,2025-2026,alexis-antunes-sui-2000,Alexis Antunes.mp4,https://www.dropbox.com/scl/fi/c2r5egdurgw1tstby8pzz/Alexis-Antunes.mp4?rlkey=zji1pfwphk2h9qc19ujcbuzn5&raw=1
Anthony Baron,Servette FC,Swiss Super League,2025-2026,anthony-baron-glp-1993,Anthony Baron.mp4,https://www.dropbox.com/scl/fi/9hw08hmaxkw2kyfoex1k5/Anthony-Baron.mp4?rlkey=lv3r45lzimpediuf42e80fqah&raw=1
Christian Gomis,FC Winterthur,Swiss Super League,2025-2026,christian-gomis-sen-2001,Christian Gomis.mp4,https://www.dropbox.com/scl/fi/yapq8ufw20n25xw6x4hym/Christian-Gomis.mp4?rlkey=m0c046lpq39xc1ych0fp6368i&raw=1
Christian Gomis,FC Winterthur,Swiss Super League,2025-2026,christian-gomis-sen-2001,Christian Gomis II.mp4,https://www.dropbox.com/scl/fi/b6y4xnksfkkvrxcno221u/Christian-Gomis-II.mp4?rlkey=pox8sa7qy116fgm1ixjm8hfwo&raw=1
Alexandre Jankewitz,FC Winterthur,Swiss Super League,2025-2026,alexandre-jankewitz-sui-2002,Alexandre Jankewitz.mp4,https://www.dropbox.com/scl/fi/4fnwbtb2i5a085hclh5ox/Alexandre-Jankewitz.mp4?rlkey=aevz06g28pj5e9xp6pz8aofrb&raw=1
Ali Kabacalman,Sion,Swiss Super League,2025-2026,ali-kabacalman-sui-1996,Ali Kabacalman.mp4,https://www.dropbox.com/scl/fi/qs4dk4y1lirt6fhchvn9s/Ali-Kabacalman.mp4?rlkey=mkspkexe7evnkqhqxyy1kupne&raw=1
Koba Koindredi,Basel,Swiss Super League,2025-2026,koba-koindredi-fra-2002,Koba Koindredi.mp4,https://www.dropbox.com/scl/fi/tlrushp9fkhd61doavdrz/Koba-Koindredi.mp4?rlkey=s9mdhmxjjl429gvcsqnn0fq4i&raw=1
Sekou Koné,Lausanne-Sport,Swiss Super League,2025-2026,sekou-kone-mli-2006,Sekou Koné update.mp4,https://www.dropbox.com/scl/fi/yvefnf1sq941xp7ru2hy3/Sekou-Kon-update.mp4?rlkey=bbjxhgvi0ur2v2xm8lss7vsnh&raw=1
Brighton Labeau,Thun,Swiss Super League,2025-2026,brighton-labeau-mtq-1996,Brighton Labeau.mp4,https://www.dropbox.com/scl/fi/qse13187adexsqtln9g4j/Brighton-Labeau.mp4?rlkey=1hji73j2qp40beou0wgkl9xk9&raw=1
Hicham Mahou,Lugano,Swiss Super League,2025-2026,hicham-mahou-fra-1999,Hicham Mahou.mp4,https://www.dropbox.com/scl/fi/9ljbn85o88plg7w598wgo/Hicham-Mahou.mp4?rlkey=0y8ynhv1gtdy02c0jrdc5pkb9&raw=1
Yoan Severin,Servette FC,Swiss Super League,2025-2026,yoan-severin-fra-1997,Yoan Severin.mp4,https://www.dropbox.com/scl/fi/2ghq92e1uansifu2uwt8l/Yoan-Severin.mp4?rlkey=wzot674jt6ukdv2r5xsmxebuj&raw=1
Yoan Severin,Servette FC,Swiss Super League,2025-2026,yoan-severin-fra-1997,Yoan Severin IV.mp4,https://www.dropbox.com/scl/fi/u3uglrpujm59cfva3l6gb/Yoan-Severin-IV.mp4?rlkey=vyexnjlgxnxf8dohcqakx66km&raw=1
Patrick Berg,Bodø/Glimt,Eliteserien,2025-2026,patrick-berg-nor-1997,Patrick Berg.mp4,https://www.dropbox.com/scl/fi/6hqnn3f68fx8mec1ipcbm/Patrick-Berg.mp4?rlkey=fk3tgp1mxvexq8zj550cs5csj&raw=1
Eirik Hestad,Molde,Eliteserien,2025-2026,eirik-hestad-nor-1994,Eirik Hestad.mp4,https://www.dropbox.com/scl/fi/4qin7hwm85n1ma7nnd50j/Eirik-Hestad.mp4?rlkey=15cx11sedw1v8tmsclq2qedi7&raw=1
Daniel Karlsbakk,Sarpsborg 08,Eliteserien,2025-2026,daniel-karlsbakk-nor-2002,Daniel Karlsbakk.mp4,https://www.dropbox.com/scl/fi/cbqtiaqtmh7eh13l6gjvj/Daniel-Karlsbakk.mp4?rlkey=33lhl9xc0z9kecg34j4rrdgm4&raw=1
Eric Kitolano,Lillestrøm,Eliteserien,2025-2026,eric-kitolano-nor-1997,Eric Kitolano.mp4,https://www.dropbox.com/scl/fi/hhw28yabfx8s9huj1v9lg/Eric-Kitolano.mp4?rlkey=krv72rk5vpqgv1hyrpo7ovxcu&raw=1
Kevin Krygård,Lillestrøm,Eliteserien,2025-2026,kevin-krygard-nor-1999,Kevin Krygård.mp4,https://www.dropbox.com/scl/fi/i1rxzoljlr1qz6d5uiv4d/Kevin-Kryg-rd.mp4?rlkey=xpqa1xt49ob9mywkrquly9usb&raw=1
Kristoffer Nessø,Aalesund,Eliteserien,2025-2026,kristoffer-ness-nor-1992,Kristoffer Nessø.mp4,https://www.dropbox.com/scl/fi/ma9ehm6m16o3zvnxrdzvb/Kristoffer-Ness.mp4?rlkey=wwxaogeh3dlzdrxe7ujssbs0x&raw=1
Simen Rafn,Fredrikstad,Eliteserien,2025-2026,simen-rafn-nor-1991,Simen Rafn.mp4,https://www.dropbox.com/scl/fi/i9g0qsbsd3s4orofiz359/Simen-Rafn.mp4?rlkey=223apcqlu7j47p0l8zrwnqa7d&raw=1
Olaus Skarsem,Sarpsborg 08,Eliteserien,2025-2026,olaus-skarsem-nor-1998,Olaus Skarsem.mp4,https://www.dropbox.com/scl/fi/vqvf58hws82f115f7iwgf/Olaus-Skarsem.mp4?rlkey=90wob639ipnftnmwy5a08mloh&raw=1
Josué Mamani,Real Tomayapo,División Profesional,2025-2026,josue-mamani-bol-2000,Josué Mamani.mp4,https://www.dropbox.com/scl/fi/69afbgwj2y6sjytv5zeo1/Josu-Mamani.mp4?rlkey=4p02rjt7bjryzcpcjvh2vyndb&raw=1
Ramiro Ballivián,S.A. Bulo Bulo,División Profesional,2025-2026,ramiro-ballivian-bol-1991,Ramiro Ballivian II.mp4,https://www.dropbox.com/scl/fi/snyb10fweg6cv7xciimyg/Ramiro-Ballivian-II.mp4?rlkey=benfk2vqic8nmr65fozczkips&raw=1
Ramiro Ballivián,S.A. Bulo Bulo,División Profesional,2025-2026,ramiro-ballivian-bol-1991,Ramiro Ballivian 2024.mp4,https://www.dropbox.com/scl/fi/aw7x5l3uze0y94zvrzzvk/Ramiro-Ballivian-2024.mp4?rlkey=58pjb7ydyo6sdr9bkp1xuvzr1&raw=1
Ramiro Ballivián,S.A. Bulo Bulo,División Profesional,2025-2026,ramiro-ballivian-bol-1991,Ramiro Ballivian.mp4,https://www.dropbox.com/scl/fi/kbb5m6572xfloemct5fc6/Ramiro-Ballivian.mp4?rlkey=mipo1r3rxva3vbgr132d84dl4&raw=1
Ramiro Ballivián,S.A. Bulo Bulo,División Profesional,2025-2026,ramiro-ballivian-bol-1991,Trailer FGA - Ramiro Ballivián.mp4,https://www.dropbox.com/scl/fi/vly9gr58fdnywn5ujw9yu/Trailer-FGA-Ramiro-Ballivi-n.mp4?rlkey=xywohmgm0ikdah44szar2a5d3&raw=1
Amine Sbai,Angers,Ligue 1,2025-2026,amine-sbai-mar-2001,Amine Sbaï.mp4,https://www.dropbox.com/scl/fi/rgkjxli3f89de90mxt0ao/Amine-Sba.mp4?rlkey=n3k1x5yijfa6odd8mwdyvlabc&raw=1
Bilal Nadir,Marseille,Ligue 1,2025-2026,bilal-nadir-mar-2004,Bilal Nadir.mp4,https://www.dropbox.com/scl/fi/u3h0ynm852yfs31pf8mjm/Bilal-Nadir.mp4?rlkey=jde0fqdkkpkmla4ij9rjsjpi6&raw=1
Endrick,Lyon,Ligue 1,2025-2026,endrick-bra-2006,Trailer FGA - Endrick.mp4,https://www.dropbox.com/scl/fi/lo5qt1wj51ecx7gg4qtbk/Trailer-FGA-Endrick.mp4?rlkey=f2e034vlzt2mc3fq1dzcmyfk1&raw=1
Felix Mambimbi,Le Havre,Ligue 1,2025-2026,felix-mambimbi-sui-2001,Felix Mambimbi.mp4,https://www.dropbox.com/scl/fi/h2xd2rnexc4unb6p2e92u/Felix-Mambimbi.mp4?rlkey=la7xerg5cpq5o4rooy80t87tg&raw=1
Jeffrey De Lange,Marseille,Ligue 1,2025-2026,jeffrey-de-lange-ned-1998,Jeffrey de Lange.mp4,https://www.dropbox.com/scl/fi/996wdal5umfaifgdr9fx0/Jeffrey-de-Lange.mp4?rlkey=4xp20vmfir9oqblgpy4a0p0c1&raw=1
Jeffrey De Lange,Marseille,Ligue 1,2025-2026,jeffrey-de-lange-ned-1998,Jeffrey De Lange II.mp4,https://www.dropbox.com/scl/fi/pcjtohztk40pelnxkkm9w/Jeffrey-De-Lange-II.mp4?rlkey=r81kv1d5lbtjbe1fmstyen27q&raw=1
Jeffrey De Lange,Marseille,Ligue 1,2025-2026,jeffrey-de-lange-ned-1998,Jeffrey de Lange III.mp4,https://www.dropbox.com/scl/fi/fp6091gwcac8vtk1ei7xv/Jeffrey-de-Lange-III.mp4?rlkey=pxyzk3yp6popyybxp8b3qc35i&raw=1
Jeffrey De Lange,Marseille,Ligue 1,2025-2026,jeffrey-de-lange-ned-1998,Jeffrey de Lange.mp4,https://www.dropbox.com/scl/fi/fq4lhngvdnou7e6ovujeh/Jeffrey-de-Lange.mp4?rlkey=8ctowdeb7zd3bnvitqv6dl7el&raw=1
Maghnes Akliouche,Monaco,Ligue 1,2025-2026,maghnes-akliouche-fra-2002,Maghnes Akliouche.mp4,https://www.dropbox.com/scl/fi/lnzo75upokrplpry79m1a/Maghnes-Akliouche.mp4?rlkey=cro2zvxycxaw6d5rop5drutxn&raw=1
Marius Broholm,Lille,Ligue 1,2025-2026,marius-broholm-nor-2005,Marius Broholm II.mp4,https://www.dropbox.com/scl/fi/hugjjzv0vpgbi7gwcpqto/Marius-Broholm-II.mp4?rlkey=a53gg1be1ugg7ui8qhhzjrkts&raw=1
Marius Broholm,Lille,Ligue 1,2025-2026,marius-broholm-nor-2005,Marius Broholm III.mp4,https://www.dropbox.com/scl/fi/lhnuvt43acduxi2i2t3bg/Marius-Broholm-III.mp4?rlkey=hjofu6b4us8an790n5li8xbfx&raw=1
Marius Broholm,Lille,Ligue 1,2025-2026,marius-broholm-nor-2005,Marius Broholm IV update.mp4,https://www.dropbox.com/scl/fi/u5ngxmmrhjr9smilczo7n/Marius-Broholm-IV-update.mp4?rlkey=6lpms7u64g9fwwfzg8nnh2kov&raw=1
Marius Broholm,Lille,Ligue 1,2025-2026,marius-broholm-nor-2005,Marius Broholm Update 2024.mp4,https://www.dropbox.com/scl/fi/caj37s8vgldfmro8td4bh/Marius-Broholm-Update-2024.mp4?rlkey=b1hzcjgs4aag72besn7hc5uq7&raw=1
Marius Broholm,Lille,Ligue 1,2025-2026,marius-broholm-nor-2005,Marius Broholm IV.mp4,https://www.dropbox.com/scl/fi/q0nrl9ozwsofisbj72qrf/Marius-Broholm-IV.mp4?rlkey=lhstgp663y7jpooyessz0xjal&raw=1
Marius Broholm,Lille,Ligue 1,2025-2026,marius-broholm-nor-2005,Marius Broholm IV.mp4.mov,https://www.dropbox.com/scl/fi/wj0nbssy40qjtu0ckrkqf/Marius-Broholm-IV.mp4.mov?rlkey=lhvsyookhqb346gbuc0cnimwo&raw=1
Nabil Bentaleb,Lille,Ligue 1,2025-2026,nabil-bentaleb-alg-1995,Nabil Bentaleb.mov,https://www.dropbox.com/scl/fi/rpxa4dnkzzv53axdy9ze4/Nabil-Bentaleb.mov?rlkey=xbgy4r2mefhhzxmaet8sbi1b1&raw=1
Sofiane Diop,Nice,Ligue 1,2025-2026,sofiane-diop-mar-2000,Sofiane Diop.mp4,https://www.dropbox.com/scl/fi/ly8csixjlu3qy2tqe1jlu/Sofiane-Diop.mp4?rlkey=359woye1j3rzsdww1v1tl5olk&raw=1
Neymar,Santos,Brasileirão Série A,2025-2026,neymar-bra-1991,Trailer FGA - Neymar.mp4,https://www.dropbox.com/scl/fi/eyp491mb7w99hbohoanqj/Trailer-FGA-Neymar.mp4?rlkey=wov4mj74lylc1ql9wy8zqcc3i&raw=1
Casemiro,Manchester Utd,Premier League,2025-2026,casemiro-bra-1992,Trailer FGA - Casemiro.mp4,https://www.dropbox.com/scl/fi/j9caaiju9rvd3hwwjl87a/Trailer-FGA-Casemiro.mp4?rlkey=ewe5m4s9io6akxbl0vppkjxhv&raw=1
Andrés García,Aston Villa,Premier League,2025-2026,andres-garcia-esp-2003,Andrès García.mp4,https://www.dropbox.com/scl/fi/mg4bpxx8s5xutj7mtuq1k/Andr-s-Garc-a.mp4?rlkey=ith912b73hs0gzwbkji90r6dn&raw=1
Tijjani Reijnders,Manchester City,Premier League,2025-2026,tijjani-reijnders-ned-1998,Tijjani Reijnders II.mp4.mov,https://www.dropbox.com/scl/fi/f8glk9dyq1a15k9eh408j/Tijjani-Reijnders-II.mp4.mov?rlkey=8lgu85f4cb4jz7f8kbh9a2vya&raw=1
Tijjani Reijnders,Manchester City,Premier League,2025-2026,tijjani-reijnders-ned-1998,Tijjani Reijnders II.mp4,https://www.dropbox.com/scl/fi/srysw6jiyvwa4sivyejwd/Tijjani-Reijnders-II.mp4?rlkey=tz5z4n8z98af63xc746gf40sn&raw=1
Tijjani Reijnders,Manchester City,Premier League,2025-2026,tijjani-reijnders-ned-1998,Tijjani Reijnders.mp4,https://www.dropbox.com/scl/fi/ps4bwpkqswxqfdb3bgqse/Tijjani-Reijnders.mp4?rlkey=44r6o37xqkzg097ughijhxhpj&raw=1
Iker Benito,Osasuna,La Liga,2025-2026,iker-benito-esp-2003,Iker Benito.mp4,https://www.dropbox.com/scl/fi/0f7pzj7kk19ymgivjwev6/Iker-Benito.mp4?rlkey=db0d7a4il8nqy3b53gya9fuha&raw=1
Sergio Lozano,Levante,La Liga,2025-2026,sergio-lozano-esp-1999,Sergio Lozano.mp4,https://www.dropbox.com/scl/fi/mpz2o06ofx3cq97ksosbp/Sergio-Lozano.mp4?rlkey=qo049cyoysffe6zd4jrujfpkj&raw=1
Victor Boniface,Werder Bremen,Bundesliga,2025-2026,victor-boniface-nga-2001,Victor Boniface.mp4,https://www.dropbox.com/scl/fi/xrz2ihvv1ijq23a5ufqwu/Victor-Boniface.mp4?rlkey=wnbg2hjzfqwnlw8x7ypmnsayl&raw=1
Victor Boniface,Werder Bremen,Bundesliga,2025-2026,victor-boniface-nga-2001,Victor Boniface  Striker 00' 🇳🇬.mp4,https://www.dropbox.com/scl/fi/kjqwkhn0o3lvljpiw1izs/Victor-Boniface-Striker-00.mp4?rlkey=62ucjv37d36dz4fb56p0zn8nx&raw=1
Livan Burcu,Union Berlin,Bundesliga,2025-2026,livan-burcu-tur-2005,Livan Burcu (ESN TV's conflicted copy 2024-05-14).mp4,https://www.dropbox.com/scl/fi/e21rhf4vd261h1ntfs0h8/Livan-Burcu-ESN-TV-s-conflicted-copy-2024-05-14.mp4?rlkey=wqauf16si37zvk71igqq9xn2t&raw=1
Livan Burcu,Union Berlin,Bundesliga,2025-2026,livan-burcu-tur-2005,Livan Burcu.mp4.mov,https://www.dropbox.com/scl/fi/h6kz8p0wf97kfgsuu6ogy/Livan-Burcu.mp4.mov?rlkey=n4q34os25ziyczfjatzz3n68i&raw=1
Livan Burcu,Union Berlin,Bundesliga,2025-2026,livan-burcu-tur-2005,Livan Burcu.mp4,https://www.dropbox.com/scl/fi/y31oof4bjjcpb8zqytad3/Livan-Burcu.mp4?rlkey=l8l2d9470hw1uoorya5tzn3op&raw=1
Arthur Theate,Frankfurt,Bundesliga,2025-2026,arthur-theate-bel-2000,Arthur Theate.mp4,https://www.dropbox.com/scl/fi/3rocqn2s9af4h85yx1dig/Arthur-Theate.mp4?rlkey=6aqp8dcvhlgx9j4aldgee3ckd&raw=1
Milan van Ewijk,Coventry City,Championship,2025-2026,milan-van-ewijk-ned-2001,Milan van Ewijk III update.mp4,https://www.dropbox.com/scl/fi/lejf90va0husprm95llte/Milan-van-Ewijk-III-update.mp4?rlkey=9xmtdsxvi6ztwhp98yw0lxylo&raw=1
Milan van Ewijk,Coventry City,Championship,2025-2026,milan-van-ewijk-ned-2001,Milan van Ewijk.mp4,https://www.dropbox.com/scl/fi/8aig4wrvluzuxc71x4g8t/Milan-van-Ewijk.mp4?rlkey=iui24jiu27kbedcfcb3t6dly8&raw=1
Milan van Ewijk,Coventry City,Championship,2025-2026,milan-van-ewijk-ned-2001,Milan van Ewijk II.mp4,https://www.dropbox.com/scl/fi/j44tuwe5kit98xnegqi5i/Milan-van-Ewijk-II.mp4?rlkey=h3qzh5k82gds07dmfqxu9ktpy&raw=1
Milan van Ewijk,Coventry City,Championship,2025-2026,milan-van-ewijk-ned-2001,Milan van Ewijk III.mp4,https://www.dropbox.com/scl/fi/zp52ow5f38f1micac3ppd/Milan-van-Ewijk-III.mp4?rlkey=nxthwcyo0v8nmf5zx2d4qvhef&raw=1
Gilberto Mora,Tijuana,Liga MX,2025-2026,gilberto-mora-mex-2009,Gilberto Mora.mp4,https://www.dropbox.com/scl/fi/0alyaogqfaaqp8pyjptte/Gilberto-Mora.mp4?rlkey=yxp7e1ssoryfr4pzp4swjum1u&raw=1
Shamar Nicholson,Tijuana,Liga MX,2025-2026,shamar-nicholson-jam-1997,Shamar Nicholson.mp4,https://www.dropbox.com/scl/fi/duc6knffpxk37waxnyb9c/Shamar-Nicholson.mp4?rlkey=yhv63h2750rbq0wxbakdtpzwv&raw=1
José Paradela,Cruz Azul,Liga MX,2025-2026,jose-paradela-arg-1999,José Paradela.mp4,https://www.dropbox.com/scl/fi/p1ru5dnymz9u9l9mw9jib/Jos-Paradela.mp4?rlkey=t54ktjmffdlmhbajfnzzoj9kb&raw=1
Clinton Nsiala,Rangers,Scottish Premiership,2025-2026,clinton-nsiala-fra-2004,Clinton Nsiala IV.mp4,https://www.dropbox.com/scl/fi/sdf7g9jfkpiw4ne46wm2v/Clinton-Nsiala-IV.mp4?rlkey=p8jsaeuokrs7yci3ny82p2ont&raw=1
Zakaria Eddahchouri,Dep. La Coruña,La Liga 2,2025-2026,zakaria-eddahchouri-ned-2000,Zakaria Eddahchouri.mp4,https://www.dropbox.com/scl/fi/xvjd6ysagyfyqf3xfdn5i/Zakaria-Eddahchouri.mp4?rlkey=bq0vh3s62at85h2v85t0drtug&raw=1
Zakaria Eddahchouri,Dep. La Coruña,La Liga 2,2025-2026,zakaria-eddahchouri-ned-2000,Zakaria Eddahchouri II.mp4,https://www.dropbox.com/scl/fi/abykkf19xam8ntrjmh5a8/Zakaria-Eddahchouri-II.mp4?rlkey=ycbieh9g69q6wx7b3wzf2bi25&raw=1
Zakaria Eddahchouri,Dep. La Coruña,La Liga 2,2025-2026,zakaria-eddahchouri-ned-2000,Zakaria Eddahchouri.mp4,https://www.dropbox.com/scl/fi/ny422r4xxs7mu7bgv7x4e/Zakaria-Eddahchouri.mp4?rlkey=bal62lmgi38bum86mi0bfdea1&raw=1
Jordi Escobar,Huesca,La Liga 2,2025-2026,jordi-escobar-esp-2002,Jordi Escobar.mp4,https://www.dropbox.com/scl/fi/73t0damrdp2h0c6yuyfli/Jordi-Escobar.mp4?rlkey=yyshn6iiyz7aud9l838mdjnnz&raw=1
Kialy Kone,Ceuta,La Liga 2,2025-2026,kialy-kone-civ-1997,Kialy koné.mp4,https://www.dropbox.com/scl/fi/lgwdk4wbavjpj29xd5hsh/Kialy-kon.mp4?rlkey=0b09hsc3nkbzjnyuaceftv6tp&raw=1
Kialy Kone,Ceuta,La Liga 2,2025-2026,kialy-kone-civ-1997,Kialy Koné II.mp4,https://www.dropbox.com/scl/fi/2rodepxindpcsffown479/Kialy-Kon-II.mp4?rlkey=k4gwpij3g12bpxtuf9jck5ac3&raw=1
Kialy Kone,Ceuta,La Liga 2,2025-2026,kialy-kone-civ-1997,Kialy Koné III.mp4,https://www.dropbox.com/scl/fi/wdl6128hvcv8pgvsw5a43/Kialy-Kon-III.mp4?rlkey=r0qc69fozm5beokc9f1mopchh&raw=1
Manu,Ceuta,La Liga 2,2025-2026,manu-esp-1996,Manu.mp4,https://www.dropbox.com/scl/fi/lvv3uhvs1268bnoc2k7nv/Manu.mp4?rlkey=pclmo17lwvr8327qk73acne4n&raw=1
Dominique Moubeke,Granada,La Liga 2,2025-2026,dominique-moubeke-cmr-2006,Dominique Moubeke.mp4,https://www.dropbox.com/scl/fi/ri7vt3da7b4ws6o4hor7n/Dominique-Moubeke.mp4?rlkey=v1eu9l7xgfmnk5uziu9cp2edl&raw=1
Jefferson Amaya,Charlotte Independence,USL League One,2025-2026,jefferson-amaya-usa-2002,Jefferson Amaya.mp4,https://www.dropbox.com/scl/fi/fajjqmcn8d3z6c8k3h0cv/Jefferson-Amaya.mp4?rlkey=w6v8q287pjxyzfgzv67c7zi3o&raw=1
Austin Amer,Richmond,USL League One,2025-2026,austin-amer-usa-1999,Austin Amer.mp4,https://www.dropbox.com/scl/fi/f5gknzunf2k3us4uqkf62/Austin-Amer.mp4?rlkey=ou7j4fzc0b42cernbui1jgphp&raw=1
Clay Dimick,Charlotte Independence,USL League One,2025-2026,clay-dimick-usa-1994,Clay Dimick.mp4,https://www.dropbox.com/scl/fi/wwuickmng20ch9p91s505/Clay-Dimick.mp4?rlkey=zz1ungou0ekbxbmeznhnwwxfy&raw=1
Lucca Dourado,Richmond,USL League One,2025-2026,lucca-dourado-bra-2000,Lucca Dourado.mp4,https://www.dropbox.com/scl/fi/88ixzzu6dpckgwqowpuax/Lucca-Dourado.mp4?rlkey=zovs8qlokipbkhrgs5hdxp5w8&raw=1
Josh Drack,Westchester SC,USL League One,2025-2026,josh-drack-usa-1999,Josh Drack.mp4,https://www.dropbox.com/scl/fi/7jun2cd1yzl27tx66p4n8/Josh-Drack.mp4?rlkey=ifbl18mjwyh5bel73na6iydbr&raw=1
Enock Kwakwa,Corpus Christi,USL League One,2025-2026,enock-kwakwa-gha-1993,Enock Kwakwa.mp4,https://www.dropbox.com/scl/fi/4nvfn4u6tyrsed78kqeuu/Enock-Kwakwa.mp4?rlkey=fdx572qrhba6whzkffo20f355&raw=1
Christy Manzinga,Charlotte Independence,USL League One,2025-2026,christy-manzinga-unk-1994,Christy Manzinga.mp4,https://www.dropbox.com/scl/fi/2alns726a54cltp9k87jp/Christy-Manzinga.mp4?rlkey=hhes9hci4l6oemofn4wrxmklc&raw=1
Derek Waldeck,Spokane,USL League One,2025-2026,derek-waldeck-usa-1997,Derek Waldeck.mp4,https://www.dropbox.com/scl/fi/5ti03hyri8pzupjr6yuvh/Derek-Waldeck.mp4?rlkey=mcyib2vgwrc8yzgoil1nta8ru&raw=1
Amal Knight,Greenville,USL League One,2025-2026,amal-knight-jam-1993,Amal Knight.mp4,https://www.dropbox.com/scl/fi/vkt03dicaica4v3gtcgtb/Amal-Knight-II.mp4?rlkey=5uygk22ldaphxbkh4wqntx52t&raw=1
Adrien Julloux,Nancy,Ligue 2,2025-2026,unknown-unk-unk2054,Adrien Julloux.mp4,https://www.dropbox.com/scl/fi/abyo6enavuiiwu601ia6h/Adrien-Julloux.mp4?rlkey=rtiztwohngwqpt4g4evfifd4x&raw=1
Julien Kouadio,Annecy FC,Ligue 2,2025-2026,unknown-unk-unk2086,Julien Kouadio 2026.mp4,https://www.dropbox.com/scl/fi/3pbqfjj5xmasnpz2oq3lb/Julien-Kouadio-2026.mp4?rlkey=5xcz1mkh4qkty0oo2auc01ckz&raw=1
Yannis Nahounou,Nancy,Ligue 2,2025-2026,unknown-unk-unk2183,Yannis Nahounou III.mp4,https://www.dropbox.com/scl/fi/zc9rs1g06lyswy7tjt8ha/Yannis-Nahounou-III.mp4?rlkey=3p3r9qn3krks31jqavbcqesgr&raw=1
Joseph Okumu,Reims,Ligue 2,2025-2026,unknown-unk-unk2200,Joseph Okumu.mp4,https://www.dropbox.com/scl/fi/44hhxdmvbe4xej3qr2v3b/Joseph-Okumu.mp4?rlkey=2stpfpzaldg9pfq1px648fgdn&raw=1
Edwin Quarshie,Le Mans,Ligue 2,2025-2026,unknown-unk-unk2236,Edwin Quarshie.mp4,https://www.dropbox.com/scl/fi/p74ij4t9vcnwfndvcsxum/Edwin-Quarshie.mp4?rlkey=wcd7w0627mongu4g00jhxgbhj&raw=1
Agustín Urzi,Levadiakos,Super League Greece,2025-2026,agustin-urzi-arg-1999,Agustín Urzi _ Left Wing 00'.mp4,https://www.dropbox.com/scl/fi/sqjrf765vbvkelrefu3s1/Agust-n-Urzi-_-Left-Wing-00.mp4?rlkey=sdqn9q8oco4xhru82ms2qro5g&raw=1
Bonota Traoré,Étoile Carouge FC,Challenge League,2025-2026,bonota-traore-fra-2003,Bonota Traoré III.mp4,https://www.dropbox.com/scl/fi/uy1212h5v0vntq1ixws77/Bonota-Traor-III.mp4?rlkey=owldoxnnoxatbf9iei1ppm13b&raw=1
Brice Negouai,FC Koper,Prva Liga,2025-2026,brice-negouai-fra-2002,Brice Négouai.mp4,https://www.dropbox.com/scl/fi/f8iaguqz9wzhz0b5qgk4m/Brice-N-gouai.mp4?rlkey=8zwl1kwu1lie1t20p5gdfddkk&raw=1
Matteo Egli,Clermont Foot U19,U19 Final Phase,2025-2026,matteo-egli-fra-2008,Matteo Egli.mp4,https://www.dropbox.com/scl/fi/gx3qbtxrhzg4chjat9zc8/Matt-o-Egli.mp4?rlkey=82a3gu867oz72o5sncqjtvsnt&raw=1
Ilyes Mansouri Touzani,AS Saint-Étienne U17,U17 Nationaux,2025-2026,ilyes-mansouri-touzani-fra-2008,Ilyes Mansouri.mp4,https://www.dropbox.com/scl/fi/8xtxgy7d4oeivl98d00ui/Ilyes-Mansouri.mp4?rlkey=aok2axg3euwfs6in62679lld6&raw=1
Mohamed Ali Gueddar,FC Biel/Bienne,Promotion League,2025-2026,mohamed-ali-gueddar-fra-1998,Mohamed Ali Gueddar.mp4,https://www.dropbox.com/scl/fi/trel27aktezz5k58vxsmz/Mohamed-Ali-Gueddar.mp4?rlkey=tnj21vldnvha0wpn41jqxcnsl&raw=1
Joseph Junior Andreou Gabriel,Manchester United U18,FA Youth Cup,2025-2026,joseph-junior-andreou-gabriel-eng-2010,JJ Gabriel.mp4,https://www.dropbox.com/scl/fi/wa33xh9noe4a0dxnhyh1f/JJ-Gabriel.mp4?rlkey=baoxyvcnperawydvr7z945pw4&raw=1
Exequiel Palacios,River Plate,Primera División,2016,exequiel-palacios-arg-1998,Exequiel Palacios.mp4,https://www.dropbox.com/scl/fi/dzuyzh1nugs7lngf9x7uu/Exequiel-Palacios.mp4?rlkey=z42td152x7nfn7o3nlaqffw5g&raw=1
Koray Özcan,FC UNA Strassen,BGL Ligue,2025-2026,koray-ozcan-fra-1995,Koray Özcan - Recent Footage.mp4,https://www.dropbox.com/scl/fi/apolvtltz36bhytosad2r/Koray-zcan-III.mp4?rlkey=wrhv2jwpomzqzst275ilsuyu6&raw=1
Koray Özcan,FC UNA Strassen,BGL Ligue,2025-2026,koray-ozcan-fra-1995,Koray Özcan - 2022-2023 Footage.mp4,https://www.dropbox.com/scl/fi/x8ckn85ftcat21egui81m/Koray-zcan-II.mp4?rlkey=2vfd0ez23vr3ql1oxfq5g72tz&raw=1
Álvaro Pereira,Inter,Serie A,2012-2015,alvaro-pereira-uru-1985,Álvaro Pereira.mp4,https://www.dropbox.com/scl/fi/f0oiwou9zgm21j0u5epy6/Alvaro-Pereira.mp4?rlkey=hgq1xas4inm6n99ebgai5rvvu&raw=1
Gilson Delgado,Etzella Ettelbruck,Ehrenpromotion,2026-2027,gilson-delgado-lux-1992,Gilson Delgado.mp4,https://www.dropbox.com/scl/fi/klxhr0zdsy3asb8z2titm/Gilson-Delgado.mp4?rlkey=fsythvh62ekxjtefnknk2w98n&raw=1
Yanis N'Gbin,Etzella Ettelbruck,Ehrenpromotion,2026-2027,yanis-ngbin-lux-1999,Yanis N'Gbin.mp4,https://www.dropbox.com/scl/fi/a3ac8wsog322a46fysq1f/Yanis-N-Gbin.mp4?rlkey=dcr7vyqkh9wbj20jih13yjgy1&raw=1
Alex Kauffmann,Marisca Mersch,Ehrenpromotion,2026-2027,alex-kauffmann-lux-2003,Alex Kauffmann.mp4,https://www.dropbox.com/scl/fi/8oksapb5m64uihdsyjlhr/Alex-Kauffmann.mp4?rlkey=hmhj8joveyf602gv9k15cuajd&raw=1
Dani Gaspar,Belval Belvaux,Ehrenpromotion,2026-2027,dani-gaspar-lux-2000,Dani Gaspar.mp4,https://www.dropbox.com/scl/fi/wud8cntnknuoranzomq1o/Dani-Gaspar.mp4?rlkey=oyhil8qlgzy7xg77mutztah9n&raw=1
Bryan Maene,FC Lorentzweiler,Ehrenpromotion,2026-2027,bryan-maene-bel-2000,Bryan Maene.mp4,https://www.dropbox.com/scl/fi/djmqsk3hlx46iwevfbctl/Bryan-Maene.mp4?rlkey=etane4zuiekj9kz3j7leq3p7d&raw=1
